1,hi!,
-1,,
1,hi!,
-1,,
-1,,
1,hi!,
-1,,
-1,,
1,hi!,
-1,,
1,hi!,
-1,,
-1,,
1,hi!,
-1,,
1,hi!,
1,hi!,
1,hi!,
1,hi!,
-1,,
1,hi!,
1,hi!,
-1,,
-1,,
-1,,
1,hi!,
1,hi!,
1,hi!,
-1,,
1,hi!,
1,hi!,
1,hi!,
1,hi!,
1,hi!,
-1,,
-1,,
-1,,
-1,,
-1,,
-1,,
1,hi!,
-1,,
-1,,
-1,,
1,hi!,
1,hi!,
-1,,
-1,,
-1,,
-1,,
-1,,
1,hi!,
-1,,
-1,,
-1,,
1,hi!,
1,hi!,
-1,,
-1,,
1,hi!,
-1,Parking Spot ID: -1, Location: , Lot: ,
1,hi!,
1,hi!,
-1,,
-1,,
-1,,
1,hi!,
-1,,
-1,,
-1,,
1,hi!,
-1,Parking Spot ID: -1, Location: , Lot: ,
1,hi!,
1,hi!,
1,hi!,
-1,,
-1,,
1,hi!,
-1,,
-1,,
-1,,
-1,,
1,hi!,
-1,,
-1,,
-1,,
-1,,
-1,,
-1,,
-1,,
1,hi!,
1,hi!,
1,hi!,
-1,,
-1,,
-1,,
-1,,
1,hi!,
-1,,
1,hi!,
1,hi!,
1,hi!,
-1,,
1,hi!,
1,hi!,
1,hi!,hi!
-1,Parking Spot ID: -1, Location: , Lot: ,
1,hi!,
-1,,
-1,,
1,hi!,
1,hi!,
-1,,
-1,,
-1,,
1,hi!,
1,hi!,
1,hi!,
-1,,
1,hi!,
-1,Parking Spot ID: -1, Location: , Lot: ,
-1,,
1,hi!,
-1,,
1,hi!,hi!
-1,,
-1,,
-1,,
-1,,
1,hi!,
-1,,
1,hi!,
1,hi!,
1,hi!,
-1,,
-1,,
-1,,
-1,,
-1,,
-1,,
1,hi!,
-1,,
1,hi!,
1,hi!,
-1,,
1,hi!,
-1,,
1,hi!,
-1,,
1,hi!,
1,hi!,
-1,Parking Spot ID: -1, Location: , Lot: ,
1,hi!,
-1,,
1,hi!,
1,hi!,
1,hi!,
1,hi!,
-1,,
-1,,
-1,,
-1,,
1,hi!,
-1,,
1,hi!,
-1,Parking Spot ID: -1, Location: , Lot: ,
1,hi!,
-1,,
1,hi!,
1,hi!,
1,hi!,hi!
-1,,
-1,,
-1,,
-1,,
1,hi!,
1,hi!,
-1,,
-1,,
1,hi!,
1,hi!,
-1,,
-1,,
-1,,
-1,,
1,hi!,
1,hi!,
-1,,
-1,,
-1,,
-1,,
1,hi!,
-1,Parking Spot ID: -1, Location: , Lot: ,
1,hi!,
-1,,
1,hi!,
-1,,
-1,,
-1,,
1,hi!,
1,hi!,
1,hi!,
-1,,
1,hi!,hi!
1,hi!,
-1,,
1,hi!,
1,hi!,
-1,,
-1,,
-1,Parking Spot ID: -1, Location: , Lot: ,
1,hi!,
1,hi!,
1,hi!,
-1,,
-1,,
1,hi!,
-1,,
1,hi!,
1,hi!,
1,hi!,
-1,,
-1,,
-1,,
-1,,
1,hi!,
1,hi!,
1,hi!,
-1,,
-1,,
-1,,
-1,,
1,hi!,
1,hi!,
-1,,
1,hi!,
1,hi!,
1,hi!,hi!
-1,,
-1,,
-1,,
-1,,
-1,,
1,hi!,
1,hi!,
-1,,
1,hi!,hi!
1,hi!,
1,hi!,
-1,,
-1,,
-1,,
-1,,
100,Parking Spot ID: 1, Location: hi!, Lot: hi!,Parking Spot ID: 1, Location: hi!, Lot: hi!
1,hi!,
1,hi!,
1,hi!,
-1,,
-1,,
-1,,
-1,,
1,hi!,
1,hi!,
1,hi!,
1,hi!,
-1,,
-1,,
1,hi!,
1,hi!,
1,hi!,
-1,,
-1,,
-1,,
-1,,
100,Parking Spot ID: 1, Location: hi!, Lot: hi!,Parking Spot ID: 1, Location: hi!, Lot: hi!
1,hi!,
-1,,
-1,Parking Spot ID: -1, Location: , Lot: ,
1,hi!,
-1,,
-1,,
-1,,
-1,,
1,hi!,
-1,,
1,hi!,
1,hi!,
1,hi!,hi!
1,hi!,
1,hi!,
1,hi!,
1,hi!,
1,hi!,
-1,,
-1,,
1,hi!,
-1,,
-1,,
-1,,
-1,,
-1,Parking Spot ID: -1, Location: , Lot: ,
1,hi!,
1,hi!,
1,hi!,
1,hi!,
1,hi!,
1,hi!,
-1,,
-1,,
1,hi!,
-1,,
1,hi!,
1,hi!,
-1,,
-1,,
-1,,
-1,,
1,hi!,
-1,,
1,hi!,hi!
1,hi!,
1,hi!,
-1,,
-1,,
1,hi!,
-1,,
1,hi!,
1,hi!,
1,hi!,
-1,,
1,hi!,
1,hi!,
1,hi!,
-1,,
-1,,
-1,,
1,hi!,
1,hi!,
1,hi!,
-1,,
1,hi!,
1,hi!,
1,hi!,hi!
-1,,
1,hi!,
-1,,
-1,,
-1,,
-1,,
-1,,
-1,,
-1,Parking Spot ID: -1, Location: , Lot: ,
1,hi!,
1,hi!,
1,hi!,
-1,,
1,hi!,
1,hi!,
-1,,
1,hi!,
-1,,
-1,,
32,Parking Spot ID: -1, Location: , Lot: ,
1,hi!,
1,hi!,
-1,,
-1,,
1,hi!,
-1,Parking Spot ID: -1, Location: , Lot: ,
1,hi!,
1,hi!,
1,hi!,
1,hi!,
-1,,
1,hi!,hi!
1,hi!,
1,hi!,
1,hi!,
1,hi!,
-1,,
-1,,
-1,,
1,hi!,
1,hi!,
-1,,
-1,,
-1,,
-1,,
-1,,
-1,,
-1,,
-1,,
1,hi!,
1,hi!,
1,hi!,
-1,,
-1,,
-1,,
1,hi!,
-1,Parking Spot ID: -1, Location: , Lot: ,
1,hi!,
1,hi!,
-1,,
1,hi!,
1,hi!,
1,hi!,
-1,,
-1,,
1,hi!,
-1,,
-1,,
1,hi!,
1,hi!,
-1,,
1,hi!,
-1,,
-1,,
-1,,
-1,,
-1,,
-1,,
1,hi!,
1,hi!,
1,hi!,
1,hi!,
1,hi!,
1,hi!,
-1,,
1,hi!,
1,hi!,
1,hi!,
1,hi!,
-1,,
-1,,
-1,,
-1,,
-1,,
-1,,
-1,,
-1,,
1,hi!,
-1,,
1,hi!,
1,hi!,
-1,,
-1,,
-1,,
-1,,
-1,,
-1,,
-1,,
-1,,
1,hi!,
1,hi!,
-1,,
-1,,
-1,,
-1,,
1,hi!,
-1,,
-1,,
-1,,
-1,,
-1,,
1,hi!,
-1,,
1,hi!,hi!
-1,Parking Spot ID: -1, Location: , Lot: ,
1,hi!,
1,hi!,
-1,,
-1,,
-1,,
-1,,
1,hi!,
1,hi!,
-1,,
1,hi!,hi!
-1,Parking Spot ID: -1, Location: , Lot: ,
1,hi!,
1,hi!,
1,hi!,
-1,,
1,hi!,hi!
1,hi!,
1,hi!,
1,hi!,
-1,,
1,hi!,
1,hi!,
1,hi!,
-1,,
-1,,
1,hi!,
-1,,
1,hi!,hi!
1,hi!,
1,hi!,
-1,,
-1,,
-1,,
-1,,
-1,,
-1,,
-1,,
1,hi!,
1,hi!,
-1,,
-1,,
-1,,
-1,,
-1,,
1,hi!,
-1,,
1,hi!,
-1,,
1,hi!,hi!
1,hi!,
1,hi!,
1,hi!,
1,hi!,
-1,,
1,hi!,
1,hi!,
-1,,
1,hi!,
-1,,
1,hi!,
1,hi!,
1,hi!,hi!
-1,,
-1,,
-1,,
-1,,
1,hi!,
-1,,
-1,,
1,hi!,
1,hi!,
1,hi!,
1,hi!,
-1,,
1,hi!,
-1,,
1,hi!,hi!
1,hi!,
1,hi!,
1,hi!,
-1,,
-1,,
1,hi!,
-1,,
1,hi!,
1,hi!,
1,hi!,hi!
1,hi!,
1,hi!,
-1,,
-1,,
-1,Parking Spot ID: -1, Location: , Lot: ,
1,hi!,
1,hi!,
-1,,
-1,,
-1,,
-1,,
1,hi!,
-1,,
-1,,
-1,Parking Spot ID: -1, Location: , Lot: ,
1,hi!,
1,hi!,
-1,,
1,hi!,
-1,,
1,hi!,
1,hi!,
-1,,
-1,,
-1,,
-1,,
-1,,
-1,,
-1,,
1,hi!,
1,hi!,
1,hi!,
-1,,
1,hi!,
1,hi!,
-1,Parking Spot ID: -1, Location: , Lot: ,
1,hi!,
1,hi!,
-1,Parking Spot ID: -1, Location: , Lot: ,
1,hi!,
1,hi!,
-1,,
1,hi!,
1,hi!,
1,hi!,
-1,,
1,hi!,
1,hi!,
-1,,
1,hi!,
-1,,
1,hi!,
1,hi!,
-1,,
-1,,
-1,,
1,hi!,
1,hi!,
-1,Parking Spot ID: -1, Location: , Lot: ,
1,hi!,
1,hi!,
-1,Parking Spot ID: -1, Location: , Lot: ,
1,hi!,
-1,,
1,hi!,
1,hi!,
-1,,
-1,,
1,hi!,
-1,Parking Spot ID: -1, Location: , Lot: ,
1,hi!,
1,hi!,
1,hi!,
0,Parking Spot ID: 1, Location: hi!, Lot: , Covered Parking, EV Charging Available,Parking Spot ID: -1, Location: , Lot: , Covered Parking, Covered Parking
1,hi!,
-1,,
-1,,
-1,,
-1,,
100,Parking Spot ID: 1, Location: hi!, Lot: hi!,Parking Spot ID: 1, Location: hi!, Lot: hi!
1,hi!,
-1,,
1,hi!,
1,hi!,
-1,,
-1,,
-1,,
-1,,
-1,,
1,hi!,
1,hi!,
-1,Parking Spot ID: -1, Location: , Lot: ,
1,hi!,
1,hi!,
-1,,
-1,,
-1,,
-1,Parking Spot ID: -1, Location: , Lot: ,
-1,,
-1,,
-1,,
-1,,
-1,,
-1,,
-1,,
-1,,
-1,,
32,Parking Spot ID: -1, Location: , Lot: ,
1,hi!,
1,hi!,
-1,,
-1,,
1,hi!,
1,hi!,
-1,,
-1,,
-1,,
-1,,
1,hi!,
-1,,
1,hi!,
1,hi!,
-1,,
-1,,
-1,Parking Spot ID: -1, Location: , Lot: ,
1,hi!,
1,hi!,
-1,Parking Spot ID: -1, Location: , Lot: ,
1,hi!,
-1,,
-1,,
-1,Parking Spot ID: 1, Location: hi!, Lot: , EV Charging Available, Handicap Accessible,Parking Spot ID: 1, Location: hi!, Lot: 
-1,,
-1,,
-1,,
1,hi!,
1,hi!,
1,hi!,
-1,,
1,hi!,hi!
1,hi!,
1,hi!,
-1,,
-1,,
-1,,
32,Parking Spot ID: -1, Location: , Lot: ,
-1,,
-1,,
-1,,
-1,,
-1,,
1,hi!,
-1,,
1,hi!,
1,hi!,
1,hi!,hi!
-1,,
1,hi!,
-1,,
-1,,
32,Parking Spot ID: -1, Location: , Lot: ,
-1,,
1,hi!,
-1,,
-1,,
-1,Parking Spot ID: 1, Location: hi!, Lot: , EV Charging Available, Handicap Accessible,Parking Spot ID: 1, Location: hi!, Lot: 
1,hi!,
1,hi!,
-1,,
-1,,
-1,,
-1,,
100,Parking Spot ID: 1, Location: hi!, Lot: hi!,Parking Spot ID: 1, Location: hi!, Lot: hi!
1,hi!,
-1,,
-1,,
-1,,
1,hi!,
-1,,
1,hi!,
1,hi!,
-1,,
-1,,
32,Parking Spot ID: -1, Location: , Lot: ,
-1,,
-1,,
-1,,
-1,,
-1,,
-1,,
-1,,
-1,,
-1,,
-1,,
-1,,
-1,,
-1,,
-1,Parking Spot ID: 1, Location: hi!, Lot: , EV Charging Available, Handicap Accessible,Parking Spot ID: 1, Location: hi!, Lot: 
-1,,
-1,,
-1,,
-1,,
100,Parking Spot ID: 1, Location: hi!, Lot: hi!,Parking Spot ID: 1, Location: hi!, Lot: hi!
1,hi!,
1,hi!,
1,hi!,
1,hi!,
1,hi!,
-1,,
1,hi!,
1,hi!,
1,hi!,
-1,Parking Spot ID: -1, Location: , Lot: ,
1,hi!,
1,hi!,
1,hi!,
-1,,
1,hi!,
-1,,
1,hi!,hi!
-1,,
-1,,
-1,,
0,,Parking Spot ID: 1, Location: hi!, Lot: , Covered Parking
-1,,
-1,,
-1,,
-1,,
-1,,
1,hi!,hi!
1,hi!,
-1,,
-1,,
-1,,
-1,,
1,hi!,
1,hi!,
1,hi!,
1,hi!,
-1,,
1,hi!,
1,hi!,
1,hi!,
0,,Parking Spot ID: 1, Location: hi!, Lot: , Covered Parking
1,hi!,
1,hi!,
-1,,
-1,,
-1,,
-1,,
100,Parking Spot ID: 1, Location: hi!, Lot: hi!,Parking Spot ID: 1, Location: hi!, Lot: hi!
1,hi!,
-1,,
1,hi!,
1,hi!,
1,hi!,
1,hi!,
-1,,
1,hi!,
-1,,
1,hi!,
1,hi!,
-1,,
-1,,
-1,,
-1,,
-1,,
1,hi!,
1,hi!,
-1,,
1,hi!,
-1,,
1,hi!,hi!
1,hi!,
-1,,
1,hi!,
1,hi!,
-1,,
1,hi!,
1,hi!,
1,hi!,hi!
1,hi!,
1,hi!,
-1,,
-1,,
-1,,
1,hi!,
0,,Parking Spot ID: 1, Location: hi!, Lot: , Covered Parking
1,hi!,
-1,,
1,hi!,
1,hi!,
-1,,
-1,,
-1,,
-1,,
-1,,
1,hi!,
1,hi!,
-1,,
1,hi!,
1,hi!,
1,hi!,
1,hi!,
-1,,
-1,,
-1,,
0,,Parking Spot ID: 1, Location: hi!, Lot: , Covered Parking
-1,,
-1,Parking Spot ID: -1, Location: , Lot: ,
-1,,
-1,,
-1,,
-1,,
-1,,
-1,,
1,hi!,
-1,,
1,hi!,
1,hi!,
1,hi!,
-1,Parking Spot ID: -1, Location: , Lot: ,
1,hi!,
-1,,
-1,,
-1,,
-1,,
1,hi!,
-1,,
-1,,
-1,,
-1,,
-1,,
-1,,
0,,Parking Spot ID: 1, Location: hi!, Lot: , Covered Parking
1,hi!,
-1,,
-1,,
-1,,
-1,,
-1,,
-1,,
1,hi!,hi!
1,hi!,
-1,,
1,hi!,
1,hi!,
-1,,
-1,,
-1,,
-1,,
-1,,
-1,,
-1,,
100,Parking Spot ID: 1, Location: hi!, Lot: hi!,Parking Spot ID: 1, Location: hi!, Lot: hi!
1,hi!,
1,hi!,
1,hi!,
-1,,
1,hi!,hi!
-1,,
-1,,
-1,,
-1,,
1,hi!,
-1,,
1,hi!,
1,hi!,
-1,,
-1,,
-1,,
100,Parking Spot ID: -1, Location: , Lot: , Covered Parking, EV Charging Available,Parking Spot ID: 32, Location: Parking Spot ID: -1, Location: , Lot: , Lot: , EV Charging Available, EV Charging Available, Covered Parking
1,hi!,
-1,,
1,hi!,
1,hi!,
-1,,
1,hi!,
-1,,
-1,,
-1,,
-1,,
0,,Parking Spot ID: 1, Location: hi!, Lot: , Covered Parking
1,hi!,
-1,Parking Spot ID: -1, Location: , Lot: ,
1,hi!,
1,hi!,
1,hi!,
1,hi!,
-1,,
-1,,
-1,,
-1,,
-1,,
1,hi!,
-1,,
1,hi!,
1,hi!,
1,hi!,
-1,,
-1,,
1,hi!,
1,hi!,
1,hi!,
-1,,
-1,,
-1,,
1,hi!,hi!
1,hi!,
-1,,
1,hi!,
1,hi!,
-1,,
-1,,
-1,,
-1,,
-1,,
1,hi!,
1,hi!,
-1,,
-1,,
-1,,
-1,,
-1,,
-1,,
0,,Parking Spot ID: 1, Location: hi!, Lot: , Covered Parking
-1,,
1,hi!,
-1,,
-1,,
1,hi!,
-1,,
1,hi!,
1,hi!,
1,hi!,
-1,,
-1,,
1,hi!,
1,hi!,
-1,,
-1,,
-1,,
1,hi!,
-1,,
-1,,
1,hi!,
1,hi!,
1,hi!,
-1,,
-1,,
-1,,
-1,,
1,hi!,
-1,,
1,hi!,
1,hi!,
-1,,
-1,,
1,hi!,
-1,,
1,hi!,
1,hi!,
1,hi!,hi!
-1,,
-1,,
-1,,
-1,,
-1,,
-1,,
1,hi!,
1,hi!,
-1,,
1,hi!,
-1,,
-1,,
32,Parking Spot ID: -1, Location: , Lot: ,
-1,,
-1,,
-1,,
-1,,
1,hi!,
1,hi!,
1,hi!,
1,hi!,
1,hi!,
-1,,
-1,,
-1,Parking Spot ID: 1, Location: hi!, Lot: , EV Charging Available, Handicap Accessible,Parking Spot ID: 1, Location: hi!, Lot: 
1,hi!,
1,hi!,
-1,,
1,hi!,
1,hi!,
-1,,
-1,,
-1,,
100,Parking Spot ID: -1, Location: , Lot: , Covered Parking, EV Charging Available,Parking Spot ID: 32, Location: Parking Spot ID: -1, Location: , Lot: , Lot: , EV Charging Available, EV Charging Available, Covered Parking
-1,,
-1,,
-1,,
-1,,
100,Parking Spot ID: 1, Location: hi!, Lot: hi!,Parking Spot ID: 1, Location: hi!, Lot: hi!
-1,,
-1,,
0,,Parking Spot ID: 1, Location: hi!, Lot: , Covered Parking
1,hi!,
-1,,
1,hi!,
1,hi!,
-1,,
-1,,
-1,,
-1,,
1,hi!,hi!
-1,Parking Spot ID: -1, Location: , Lot: ,
1,hi!,
1,hi!,
-1,,
1,hi!,
-1,,
-1,,
-1,,
-1,,
100,Parking Spot ID: 1, Location: hi!, Lot: hi!,Parking Spot ID: 1, Location: hi!, Lot: hi!
1,hi!,
1,hi!,
1,hi!,
-1,Parking Spot ID: -1, Location: , Lot: ,
1,hi!,
1,hi!,
-1,,
-1,,
-1,,
-1,,
-1,,
100,Parking Spot ID: -1, Location: , Lot: , Covered Parking, EV Charging Available,Parking Spot ID: 32, Location: Parking Spot ID: -1, Location: , Lot: , Lot: , EV Charging Available, EV Charging Available, Covered Parking
1,hi!,
-1,,
1,hi!,
1,hi!,
-1,,
1,hi!,
1,hi!,
1,hi!,
-1,,
-1,,
-1,,
1,hi!,
-1,,
-1,,
-1,,
-1,,
-1,,
-1,,
-1,,
-1,,
100,Parking Spot ID: -1, Location: , Lot: , Covered Parking, EV Charging Available,Parking Spot ID: 32, Location: Parking Spot ID: -1, Location: , Lot: , Lot: , EV Charging Available, EV Charging Available, Covered Parking
-1,,
-1,,
-1,,
-1,,
100,Parking Spot ID: 1, Location: hi!, Lot: hi!,Parking Spot ID: 1, Location: hi!, Lot: hi!
1,hi!,
1,hi!,
1,hi!,
1,hi!,
1,hi!,
-1,,
1,hi!,
1,hi!,
-1,,
1,hi!,
1,hi!,
-1,,
1,hi!,
-1,,
1,hi!,
1,hi!,
-1,,
-1,,
-1,,
-1,,
-1,,
-1,,
1,hi!,
-1,,
1,hi!,
1,hi!,
-1,Parking Spot ID: -1, Location: , Lot: ,
1,hi!,
1,hi!,
-1,,
-1,,
1,hi!,
1,hi!,
-1,,
1,hi!,
1,hi!,
-1,,
-1,,
-1,,
1,hi!,
1,hi!,
1,hi!,
-1,,
-1,,
-1,,
-1,,
-1,,
0,,Parking Spot ID: 1, Location: hi!, Lot: , Covered Parking
-1,,
-1,,
-1,,
1,hi!,
1,hi!,
1,hi!,
1,hi!,
1,hi!,
-1,,
1,hi!,
1,hi!,
1,hi!,
1,hi!,
-1,,
1,hi!,
1,hi!,
-1,,
-1,,
-1,,
-1,,
1,hi!,
-1,,
1,hi!,
1,hi!,
-1,,
-1,,
1,hi!,
-1,,
-1,,
-1,,
-1,,
-1,,
100,Parking Spot ID: 1, Location: hi!, Lot: hi!,Parking Spot ID: 1, Location: hi!, Lot: hi!
1,hi!,
1,hi!,
1,hi!,
-1,,
-1,,
1,hi!,
1,hi!,
1,hi!,
1,hi!,
1,hi!,
-1,Parking Spot ID: -1, Location: , Lot: ,
1,hi!,
1,hi!,
1,hi!,
1,hi!,
-1,Parking Spot ID: -1, Location: , Lot: ,
-1,,
-1,,
-1,Parking Spot ID: -1, Location: , Lot: ,
1,hi!,
1,hi!,
1,hi!,
1,hi!,
-1,,
1,hi!,
1,hi!,
1,hi!,hi!
-1,,
-1,,
-1,,
1,hi!,
-1,,
1,hi!,
1,hi!,
-1,,
-1,,
32,Parking Spot ID: -1, Location: , Lot: ,
-1,,
1,hi!,
1,hi!,
1,hi!,
1,hi!,
-1,,
1,hi!,
1,hi!,
1,hi!,hi!
1,hi!,
1,hi!,
1,hi!,
1,hi!,
1,hi!,
-1,Parking Spot ID: -1, Location: , Lot: ,
1,hi!,
1,hi!,
-1,,
1,hi!,
-1,,
1,hi!,hi!
1,hi!,
1,hi!,
1,hi!,
1,hi!,
-1,,
1,hi!,
1,hi!,
1,hi!,hi!
1,hi!,
1,hi!,
-1,,
1,hi!,
-1,,
1,hi!,
1,hi!,
1,hi!,
-1,,
1,hi!,
-1,,
-1,,
-1,,
1,hi!,
1,hi!,
1,hi!,
-1,,
1,hi!,
1,hi!,
-1,,
-1,,
-1,,
-1,,
1,hi!,
1,hi!,
-1,,
1,hi!,hi!
1,hi!,
1,hi!,
-1,Parking Spot ID: -1, Location: , Lot: ,
1,hi!,
1,hi!,
1,hi!,
0,Parking Spot ID: 1, Location: hi!, Lot: , Covered Parking, EV Charging Available,Parking Spot ID: -1, Location: , Lot: , Covered Parking, Covered Parking
-1,,
1,hi!,
-1,,
-1,,
1,hi!,
-1,,
-1,,
-1,,
-1,,
-1,,
1,hi!,
1,hi!,
-1,,
-1,,
-1,,
100,Parking Spot ID: -1, Location: , Lot: , Covered Parking, EV Charging Available,Parking Spot ID: 32, Location: Parking Spot ID: -1, Location: , Lot: , Lot: , EV Charging Available, EV Charging Available, Covered Parking
-1,Parking Spot ID: -1, Location: , Lot: ,
1,hi!,
1,hi!,
1,hi!,
1,hi!,
-1,,
1,hi!,
-1,Parking Spot ID: -1, Location: , Lot: ,
1,hi!,
1,hi!,
-1,,
-1,,
1,hi!,
-1,,
-1,,
1,hi!,
0,,Parking Spot ID: 1, Location: hi!, Lot: , Covered Parking
1,hi!,
1,hi!,
-1,,
-1,,
-1,,
-1,,
1,hi!,
-1,,
-1,,
1,hi!,
1,hi!,
-1,,
-1,,
-1,,
-1,Parking Spot ID: -1, Location: , Lot: ,
-1,,
1,hi!,
1,hi!,
1,hi!,
-1,,
1,hi!,
-1,,
-1,,
-1,,
-1,,
-1,,
-1,,
-1,,
-1,,
-1,,
-1,,
1,hi!,
-1,,
-1,,
1,hi!,
-1,,
-1,,
-1,,
-1,,
-1,,
-1,,
1,hi!,
-1,Parking Spot ID: -1, Location: , Lot: ,
1,hi!,
1,hi!,
1,hi!,
-1,,
1,hi!,
-1,,
1,hi!,
-1,,
1,hi!,
1,hi!,
1,hi!,hi!
-1,,
1,hi!,
-1,,
-1,,
-1,,
-1,,
-1,,
-1,,
-1,,
1,hi!,
-1,,
-1,,
-1,,
-1,,
-1,Parking Spot ID: -1, Location: , Lot: ,
1,hi!,
1,hi!,
1,hi!,
0,Parking Spot ID: 1, Location: hi!, Lot: , Covered Parking, EV Charging Available,Parking Spot ID: -1, Location: , Lot: , Covered Parking, Covered Parking
-1,,
1,hi!,
1,hi!,
-1,,
1,hi!,
1,hi!,
1,hi!,
-1,,
-1,,
1,hi!,
1,hi!,
-1,,
1,hi!,
1,hi!,
-1,,
-1,Parking Spot ID: -1, Location: , Lot: ,
1,hi!,
-1,,
1,hi!,
1,hi!,
-1,,
1,hi!,hi!
1,hi!,
1,hi!,
-1,Parking Spot ID: -1, Location: , Lot: ,
-1,,
1,hi!,
-1,Parking Spot ID: -1, Location: , Lot: ,
1,hi!,
1,hi!,
-1,,
-1,,
1,hi!,
1,hi!,
-1,,
1,hi!,
1,hi!,
1,hi!,hi!
-1,,
-1,,
1,hi!,
1,hi!,
1,hi!,
-1,,
1,hi!,hi!
1,hi!,
1,hi!,
-1,,
-1,,
-1,,
-1,,
100,Parking Spot ID: 1, Location: hi!, Lot: hi!,Parking Spot ID: 1, Location: hi!, Lot: hi!
1,hi!,
10,Parking Spot ID: -1, Location: , Lot: , Covered Parking, Handicap Accessible,Parking Spot ID: 1, Location: hi!, Lot: , Covered Parking
-1,,
-1,Parking Spot ID: -1, Location: , Lot: ,
1,hi!,
1,hi!,
1,hi!,
-1,,
-1,Parking Spot ID: -1, Location: , Lot: ,
-1,,
1,hi!,
1,hi!,
1,hi!,
1,hi!,
-1,,
1,hi!,hi!
1,hi!,
1,hi!,
-1,,
-1,,
-1,,
-1,,
-1,,
1,hi!,
-1,,
-1,,
1,hi!,
-1,,
-1,,
-1,,
32,Parking Spot ID: -1, Location: , Lot: ,
-1,,
-1,,
-1,,
-1,,
-1,,
1,hi!,
-1,,
-1,,
1,hi!,
1,hi!,
1,hi!,
1,hi!,
-1,,
-1,,
-1,,
32,Parking Spot ID: -1, Location: , Lot: ,
1,hi!,
0,,Parking Spot ID: 1, Location: hi!, Lot: , Covered Parking
-1,,
-1,,
1,hi!,
1,hi!,
-1,Parking Spot ID: -1, Location: , Lot: ,
1,hi!,
1,hi!,
-1,,
1,hi!,
1,hi!,
-1,,
-1,,
-1,,
-1,,
-1,,
-1,,
-1,,
1,hi!,
-1,,
1,hi!,
1,hi!,
1,hi!,
-1,,
1,hi!,
1,hi!,
1,hi!,hi!
-1,,
1,hi!,
-1,,
1,hi!,
1,hi!,
1,hi!,
1,hi!,
1,hi!,
-1,,
-1,,
0,,Parking Spot ID: 1, Location: hi!, Lot: , Covered Parking
-1,,
-1,,
-1,,
-1,,
-1,,
-1,,
-1,,
-1,,
-1,,
1,hi!,hi!
-1,,
1,hi!,
-1,,
-1,,
-1,,
1,hi!,
-1,,
-1,,
-1,,
-1,,
-1,,
-1,Parking Spot ID: -1, Location: , Lot: ,
-1,,
-1,Parking Spot ID: -1, Location: , Lot: ,
1,hi!,
-1,Parking Spot ID: -1, Location: , Lot: ,
1,hi!,
1,hi!,
1,hi!,
0,,Parking Spot ID: 1, Location: hi!, Lot: , Covered Parking
-1,,
-1,,
-1,,
1,hi!,hi!
1,hi!,
-1,,
1,hi!,
1,hi!,
1,hi!,hi!
-1,,
1,hi!,
-1,,
-1,,
-1,,
0,,Parking Spot ID: 1, Location: hi!, Lot: , Covered Parking
0,Parking Spot ID: -1, Location: , Lot: , Covered Parking, EV Charging Available, Covered Parking,Parking Spot ID: 1, Location: hi!, Lot: , Covered Parking, EV Charging Available
-1,,
-1,,
-1,,
-1,,
1,hi!,
-1,,
1,hi!,
1,hi!,
1,hi!,hi!
-1,,
1,hi!,
-1,Parking Spot ID: -1, Location: , Lot: ,
1,hi!,
1,hi!,
-1,,
-1,,
1,hi!,
1,hi!,
-1,,
-1,,
-1,,
-1,,
32,Parking Spot ID: -1, Location: , Lot: ,
32,Parking Spot ID: -1, Location: , Lot: ,
-1,,
-1,,
-1,,
-1,,
-1,,
-1,,
-1,,
-1,,
-1,,
-1,,
-1,,
1,hi!,
1,hi!,
-1,Parking Spot ID: -1, Location: , Lot: ,
1,hi!,
1,hi!,
-1,Parking Spot ID: -1, Location: , Lot: ,
1,hi!,
1,hi!,
-1,,
1,hi!,
-1,,
1,hi!,hi!
1,hi!,
1,hi!,
1,hi!,
1,hi!,
1,hi!,
-1,,
1,hi!,
1,hi!,
1,hi!,hi!
1,hi!,
1,hi!,
1,hi!,
1,hi!,
-1,,
-1,,
-1,,
0,Parking Spot ID: 1, Location: hi!, Lot: hi!, Handicap Accessible, Handicap Accessible,Parking Spot ID: -1, Location: , Lot: , Covered Parking, Handicap Accessible, Covered Parking, Covered Parking, EV Charging Available
1,hi!,
-1,,
1,hi!,
1,hi!,
1,hi!,hi!
-1,,
-1,,
-1,,
-1,,
-1,,
-1,,
-1,,
-1,,
-1,,
1,hi!,
1,hi!,
-1,,
-1,,
-1,,
1,hi!,
-1,,
-1,,
1,hi!,
-1,,
1,hi!,
1,hi!,
-1,,
-1,,
-1,Parking Spot ID: -1, Location: , Lot: ,
1,hi!,
1,hi!,
1,hi!,
-1,,
-1,,
1,hi!,
1,hi!,
1,hi!,
1,hi!,
-1,,
-1,,
-1,,
-1,,
-1,,
100,Parking Spot ID: 1, Location: hi!, Lot: hi!,Parking Spot ID: 1, Location: hi!, Lot: hi!
1,hi!,
-1,,
-1,,
-1,,
1,hi!,
1,hi!,
-1,,
-1,,
0,,Parking Spot ID: 1, Location: hi!, Lot: , Covered Parking
-1,,
-1,,
-1,,
1,hi!,
1,hi!,
1,hi!,
1,hi!,
1,hi!,
-1,,
1,hi!,
1,hi!,
0,,Parking Spot ID: 1, Location: hi!, Lot: , Covered Parking
1,hi!,
1,hi!,
1,hi!,
1,hi!,
-1,,
-1,,
-1,,
-1,,
32,Parking Spot ID: -1, Location: , Lot: ,
32,Parking Spot ID: -1, Location: , Lot: ,
1,hi!,
1,hi!,
-1,,
1,hi!,
-1,,
1,hi!,
1,hi!,
1,hi!,hi!
-1,,
1,hi!,
1,hi!,
-1,,
-1,,
1,hi!,
-1,Parking Spot ID: -1, Location: , Lot: ,
1,hi!,
1,hi!,
-1,,
-1,,
-1,,
1,hi!,
1,hi!,
1,hi!,
1,hi!,
-1,,
-1,,
-1,,
-1,,
-1,,
-1,,
-1,,
0,,Parking Spot ID: 1, Location: hi!, Lot: , Covered Parking
0,Parking Spot ID: -1, Location: , Lot: , Covered Parking, EV Charging Available, Covered Parking,Parking Spot ID: 1, Location: hi!, Lot: , Covered Parking, EV Charging Available
1,hi!,
-1,,
1,hi!,
1,hi!,
1,hi!,
1,hi!,
-1,,
1,hi!,
1,hi!,
-1,,
-1,,
-1,,
-1,,
1,hi!,
1,hi!,
-1,Parking Spot ID: -1, Location: , Lot: ,
1,hi!,
1,hi!,
1,hi!,
-1,,
-1,,
-1,Parking Spot ID: -1, Location: , Lot: ,
1,hi!,
1,hi!,
-1,,
-1,,
-1,,
-1,,
-1,,
-1,,
-1,,
-1,,
-1,,
-1,,
-1,,
-1,,
-1,,
-1,,
100,Parking Spot ID: 1, Location: hi!, Lot: hi!,Parking Spot ID: 1, Location: hi!, Lot: hi!
1,hi!,
1,hi!,
1,hi!,
0,,Parking Spot ID: 1, Location: hi!, Lot: , Covered Parking
-1,,
-1,,
-1,,
-1,,
-1,,
-1,,
-1,,
-1,,
1,hi!,
1,hi!,
0,,Parking Spot ID: 1, Location: hi!, Lot: , Covered Parking
1,hi!,
1,hi!,
1,hi!,
1,hi!,
1,hi!,
-1,Parking Spot ID: -1, Location: , Lot: ,
1,hi!,
1,hi!,
1,hi!,
-1,,
1,hi!,
1,hi!,
-1,,
-1,,
0,,Parking Spot ID: 1, Location: hi!, Lot: , Covered Parking
-1,,
0,,Parking Spot ID: 1, Location: hi!, Lot: , Covered Parking
-1,,
-1,,
-1,,
-1,,
1,hi!,
-1,,
1,hi!,hi!
1,hi!,
-1,Parking Spot ID: -1, Location: , Lot: ,
1,hi!,
-1,,
-1,,
-1,,
-1,,
-1,,
1,hi!,
-1,,
-1,,
-1,,
1,hi!,
1,hi!,
1,hi!,
1,hi!,
-1,,
-1,,
-1,,
-1,,
1,hi!,
-1,,
-1,,
-1,,
-1,,
-1,,
100,Parking Spot ID: 1, Location: hi!, Lot: hi!,Parking Spot ID: 1, Location: hi!, Lot: hi!
1,hi!,
10,Parking Spot ID: -1, Location: , Lot: , Covered Parking, Handicap Accessible,Parking Spot ID: 1, Location: hi!, Lot: , Covered Parking
1,hi!,
-1,,
-1,,
-1,,
-1,,
-1,,
-1,,
-1,,
-1,,
-1,,
100,Parking Spot ID: 1, Location: hi!, Lot: hi!,Parking Spot ID: 1, Location: hi!, Lot: hi!
1,hi!,
1,hi!,
1,hi!,
1,hi!,
1,hi!,
-1,,
1,hi!,
-1,,
-1,,
1,hi!,
-1,Parking Spot ID: -1, Location: , Lot: ,
1,hi!,
1,hi!,
-1,,
1,hi!,
-1,,
-1,,
32,Parking Spot ID: -1, Location: , Lot: ,
-1,,
-1,,
-1,,
-1,,
-1,,
-1,,
1,hi!,
1,hi!,
-1,,
-1,Parking Spot ID: -1, Location: , Lot: ,
1,hi!,
1,hi!,
1,hi!,
0,Parking Spot ID: 1, Location: hi!, Lot: , Covered Parking, EV Charging Available,Parking Spot ID: -1, Location: , Lot: , Covered Parking, Covered Parking
-1,,
-1,,
-1,,
0,,Parking Spot ID: 1, Location: hi!, Lot: , Covered Parking
-1,,
-1,Parking Spot ID: -1, Location: , Lot: ,
1,hi!,
1,hi!,
1,hi!,
-1,,
-1,,
1,hi!,
-1,,
1,hi!,hi!
-1,,
-1,,
-1,,
-1,,
-1,,
100,Parking Spot ID: 1, Location: hi!, Lot: hi!,Parking Spot ID: 1, Location: hi!, Lot: hi!
1,hi!,
1,hi!,
1,hi!,
-1,Parking Spot ID: -1, Location: , Lot: ,
-1,,
1,hi!,
-1,,
1,hi!,
1,hi!,
1,hi!,hi!
-1,,
1,hi!,
0,,Parking Spot ID: 1, Location: hi!, Lot: , Covered Parking
-1,,
-1,,
-1,,
-1,,
1,hi!,
-1,,
1,hi!,hi!
-1,Parking Spot ID: -1, Location: , Lot: ,
1,hi!,
1,hi!,
1,hi!,
1,hi!,
-1,Parking Spot ID: -1, Location: , Lot: ,
1,hi!,
1,hi!,
-1,,
-1,,
-1,,
-1,,
-1,,
-1,,
-1,,
-1,,
32,Parking Spot ID: -1, Location: , Lot: ,
-1,,
1,hi!,
-1,,
1,hi!,
1,hi!,
1,hi!,hi!
-1,,
1,hi!,
-1,,
-1,,
1,hi!,
-1,,
-1,,
-1,,
-1,,
-1,,
-1,,
-1,,
-1,,
-1,Parking Spot ID: -1, Location: , Lot: ,
1,hi!,
1,hi!,
1,hi!,
1,hi!,
-1,,
-1,,
-1,,
1,hi!,
1,hi!,
-1,,
-1,,
-1,,
1,hi!,
1,hi!,
-1,,
-1,,
1,hi!,
-1,,
1,hi!,
1,hi!,
-1,,
1,hi!,
1,hi!,
-1,,
-1,,
32,Parking Spot ID: -1, Location: , Lot: ,
-1,,
-1,,
-1,,
0,,Parking Spot ID: 1, Location: hi!, Lot: , Covered Parking
-1,,
0,,Parking Spot ID: 1, Location: hi!, Lot: , Covered Parking
-1,,
-1,,
-1,,
-1,,
-1,,
-1,,
-1,,
-1,,
1,hi!,
1,hi!,
-1,,
1,hi!,
1,hi!,
1,hi!,hi!
-1,,
-1,,
-1,,
-1,,
1,hi!,
-1,,
-1,,
-1,,
32,Parking Spot ID: -1, Location: , Lot: ,
-1,,
-1,,
-1,,
-1,,
-1,,
-1,Parking Spot ID: -1, Location: , Lot: ,
1,hi!,
1,hi!,
1,hi!,
-1,,
1,hi!,hi!
-1,,
1,hi!,
-1,,
-1,,
-1,,
-1,,
-1,,
1,hi!,
-1,,
-1,,
-1,,
-1,,
97,Parking Spot ID: -1, Location: , Lot: , Covered Parking,Parking Spot ID: -1, Location: , Lot: , Covered Parking, EV Charging Available, Covered Parking
-1,,
-1,,
-1,,
1,hi!,
-1,,
-1,,
0,Parking Spot ID: 1, Location: hi!, Lot: hi!, Handicap Accessible, Handicap Accessible,Parking Spot ID: -1, Location: , Lot: , Covered Parking, Handicap Accessible, Covered Parking, Covered Parking, EV Charging Available
-1,Parking Spot ID: -1, Location: , Lot: ,
1,hi!,
1,hi!,
-1,,
-1,,
1,hi!,
1,hi!,
-1,,
-1,,
-1,,
1,hi!,
1,hi!,
-1,,
-1,,
-1,,
-1,,
100,Parking Spot ID: 1, Location: hi!, Lot: hi!,Parking Spot ID: 1, Location: hi!, Lot: hi!
1,hi!,
1,hi!,
-1,,
1,hi!,
-1,Parking Spot ID: -1, Location: , Lot: ,
-1,,
1,hi!,
1,hi!,
1,hi!,
1,hi!,
-1,,
1,hi!,
1,hi!,
-1,Parking Spot ID: -1, Location: , Lot: ,
1,hi!,
-1,,
-1,,
32,Parking Spot ID: -1, Location: , Lot: ,
-1,,
-1,,
0,Parking Spot ID: 1, Location: hi!, Lot: hi!, Handicap Accessible, Handicap Accessible,Parking Spot ID: -1, Location: , Lot: , Covered Parking, Handicap Accessible, Covered Parking, Covered Parking, EV Charging Available
1,hi!,
1,hi!,
-1,,
-1,,
-1,,
-1,,
-1,,
100,Parking Spot ID: 1, Location: hi!, Lot: hi!,Parking Spot ID: 1, Location: hi!, Lot: hi!
-1,,
-1,,
-1,,
-1,,
-1,,
-1,,
1,hi!,
-1,,
1,hi!,
1,hi!,
1,hi!,hi!
-1,,
-1,,
1,hi!,
-1,,
1,hi!,
1,hi!,
-1,,
-1,,
-1,,
-1,,
1,hi!,
1,hi!,
-1,,
-1,,
-1,,
-1,,
-1,,
-1,,
-1,Parking Spot ID: -1, Location: , Lot: ,
1,hi!,
-1,,
-1,,
-1,,
-1,,
100,Parking Spot ID: 1, Location: hi!, Lot: hi!,Parking Spot ID: 1, Location: hi!, Lot: hi!
-1,Parking Spot ID: -1, Location: , Lot: ,
-1,,
-1,,
-1,,
32,Parking Spot ID: -1, Location: , Lot: ,
-1,,
1,hi!,
-1,,
1,hi!,
1,hi!,
1,hi!,hi!
-1,,
-1,,
-1,,
0,,Parking Spot ID: 1, Location: hi!, Lot: , Covered Parking
-1,,
-1,,
-1,,
1,hi!,
1,hi!,
1,hi!,
-1,,
-1,,
-1,,
-1,,
-1,,
100,Parking Spot ID: -1, Location: , Lot: , Covered Parking, EV Charging Available,Parking Spot ID: 32, Location: Parking Spot ID: -1, Location: , Lot: , Lot: , EV Charging Available, EV Charging Available, Covered Parking
-1,,
-1,,
-1,,
-1,,
100,Parking Spot ID: 1, Location: hi!, Lot: hi!,Parking Spot ID: 1, Location: hi!, Lot: hi!
1,hi!,
1,hi!,
1,hi!,
1,hi!,
1,hi!,
-1,,
1,hi!,
1,hi!,
-1,,
1,hi!,
-1,,
1,hi!,
1,hi!,
1,hi!,hi!
-1,,
-1,,
-1,,
1,hi!,
1,hi!,
-1,,
1,hi!,hi!
-1,Parking Spot ID: -1, Location: , Lot: ,
1,hi!,
1,hi!,
0,,Parking Spot ID: 1, Location: hi!, Lot: , Covered Parking
1,hi!,
-1,,
-1,,
-1,,
-1,Parking Spot ID: 1, Location: hi!, Lot: , EV Charging Available, Handicap Accessible,Parking Spot ID: 1, Location: hi!, Lot: 
-1,,
-1,,
-1,Parking Spot ID: -1, Location: , Lot: ,
1,hi!,
1,hi!,
1,hi!,
1,hi!,
1,hi!,
1,hi!,
1,hi!,
-1,,
-1,,
1,hi!,
-1,,
-1,,
1,hi!,
1,hi!,
-1,,
-1,,
-1,,
1,hi!,
1,hi!,
1,hi!,
1,hi!,
-1,,
-1,,
1,hi!,
-1,,
1,hi!,
1,hi!,
-1,,
-1,,
-1,,
-1,,
-1,,
1,hi!,
-1,,
-1,,
-1,,
1,hi!,hi!
1,hi!,
-1,,
-1,,
-1,,
-1,,
100,Parking Spot ID: 1, Location: hi!, Lot: hi!,Parking Spot ID: 1, Location: hi!, Lot: hi!
1,hi!,
1,hi!,
-1,,
1,hi!,
-1,,
1,hi!,
1,hi!,
1,hi!,hi!
-1,,
-1,Parking Spot ID: -1, Location: , Lot: ,
1,hi!,
1,hi!,
1,hi!,
1,hi!,
1,hi!,
-1,,
1,hi!,
1,hi!,
1,hi!,hi!
-1,,
-1,,
-1,Parking Spot ID: -1, Location: , Lot: ,
1,hi!,
-1,,
-1,,
-1,,
-1,,
1,hi!,
1,hi!,
1,hi!,
-1,Parking Spot ID: -1, Location: , Lot: ,
1,hi!,
1,hi!,
1,hi!,
-1,,
-1,Parking Spot ID: -1, Location: , Lot: ,
1,hi!,
1,hi!,
1,hi!,
-1,,
1,hi!,
1,hi!,
1,hi!,
-1,,
-1,,
-1,,
-1,Parking Spot ID: -1, Location: , Lot: ,
1,hi!,
1,hi!,
-1,,
-1,,
-1,,
-1,,
-1,,
-1,Parking Spot ID: -1, Location: , Lot: ,
1,hi!,
1,hi!,
1,hi!,
0,Parking Spot ID: 1, Location: hi!, Lot: , Covered Parking, EV Charging Available,Parking Spot ID: -1, Location: , Lot: , Covered Parking, Covered Parking
-1,,
-1,,
1,hi!,
1,hi!,
1,hi!,
-1,Parking Spot ID: -1, Location: , Lot: ,
1,hi!,
1,hi!,
-1,,
-1,,
-1,,
-1,,
-1,,
-1,,
-1,,
-1,,
-1,,
-1,,
-1,,
-1,,
-1,,
-1,,
-1,,
-1,,
-1,,
-1,,
-1,,
-1,,
-1,,
-1,,
1,hi!,
-1,Parking Spot ID: -1, Location: , Lot: ,
-1,,
1,hi!,
1,hi!,
-1,,
-1,,
-1,,
1,hi!,
1,hi!,
1,hi!,
-1,,
-1,,
-1,,
1,hi!,
1,hi!,
1,hi!,
1,hi!,
-1,,
-1,,
-1,,
32,Parking Spot ID: -1, Location: , Lot: ,
1,hi!,
1,hi!,
-1,,
1,hi!,
1,hi!,
-1,Parking Spot ID: -1, Location: , Lot: ,
-1,,
-1,,
-1,,
-1,,
-1,,
-1,,
1,hi!,
-1,,
1,hi!,
1,hi!,
-1,,
-1,,
-1,,
32,Parking Spot ID: -1, Location: , Lot: ,
1,hi!,
-1,,
1,hi!,
1,hi!,
1,hi!,
-1,,
-1,,
-1,,
-1,,
32,Parking Spot ID: -1, Location: , Lot: ,
32,Parking Spot ID: -1, Location: , Lot: ,
1,hi!,
1,hi!,
-1,,
-1,,
-1,,
97,Parking Spot ID: -1, Location: , Lot: , Covered Parking,Parking Spot ID: -1, Location: , Lot: , Covered Parking, EV Charging Available, Covered Parking
1,hi!,
1,hi!,
-1,,
1,hi!,
-1,,
-1,,
-1,,
-1,,
100,Parking Spot ID: 1, Location: hi!, Lot: hi!,Parking Spot ID: 1, Location: hi!, Lot: hi!
-1,Parking Spot ID: -1, Location: , Lot: ,
1,hi!,
1,hi!,
1,hi!,
0,Parking Spot ID: 1, Location: hi!, Lot: , Covered Parking, EV Charging Available,Parking Spot ID: -1, Location: , Lot: , Covered Parking, Covered Parking
-1,,
-1,,
-1,,
-1,,
-1,,
1,hi!,
1,hi!,
0,Parking Spot ID: 1, Location: hi!, Lot: , Covered Parking, EV Charging Available,Parking Spot ID: -1, Location: , Lot: , Covered Parking, Handicap Accessible, Handicap Accessible, Covered Parking
-1,Parking Spot ID: -1, Location: , Lot: ,
1,hi!,
1,hi!,
-1,,
-1,,
1,hi!,
1,hi!,
1,hi!,
-1,,
-1,,
-1,,
32,Parking Spot ID: -1, Location: , Lot: ,
32,Parking Spot ID: -1, Location: , Lot: ,
-1,,
-1,,
-1,,
-1,,
1,hi!,hi!
1,hi!,
-1,,
1,hi!,
1,hi!,
-1,,
-1,,
1,hi!,
1,hi!,
1,hi!,
1,hi!,
-1,,
-1,,
1,hi!,
1,hi!,
1,hi!,
-1,,
-1,,
-1,,
-1,,
-1,,
1,hi!,
-1,,
-1,,
-1,,
100,Parking Spot ID: -1, Location: , Lot: , Covered Parking, EV Charging Available,Parking Spot ID: 32, Location: Parking Spot ID: -1, Location: , Lot: , Lot: , EV Charging Available, EV Charging Available, Covered Parking
-1,,
-1,,
-1,,
-1,,
100,Parking Spot ID: 1, Location: hi!, Lot: hi!,Parking Spot ID: 1, Location: hi!, Lot: hi!
1,hi!,
1,hi!,
1,hi!,
1,hi!,
1,hi!,
-1,,
-1,,
-1,Parking Spot ID: 1, Location: hi!, Lot: , EV Charging Available, Handicap Accessible,Parking Spot ID: 1, Location: hi!, Lot: 
-1,,
1,hi!,
1,hi!,
-1,,
-1,,
32,Parking Spot ID: -1, Location: , Lot: ,
-1,,
-1,,
-1,,
-1,,
1,hi!,hi!
1,hi!,
1,hi!,
-1,,
-1,,
1,hi!,
1,hi!,
1,hi!,
1,hi!,
1,hi!,
-1,,
-1,,
1,hi!,
32,Parking Spot ID: -1, Location: , Lot: ,
-1,,
1,hi!,
-1,Parking Spot ID: -1, Location: , Lot: ,
1,hi!,
-1,Parking Spot ID: -1, Location: , Lot: ,
1,hi!,
1,hi!,
-1,,
-1,,
1,hi!,
-1,,
1,hi!,
1,hi!,
-1,,
1,hi!,
-1,,
-1,,
-1,,
-1,,
-1,,
-1,Parking Spot ID: -1, Location: , Lot: ,
1,hi!,
-1,,
-1,,
-1,,
-1,,
-1,,
-1,,
-1,,
100,Parking Spot ID: 1, Location: hi!, Lot: hi!,Parking Spot ID: 1, Location: hi!, Lot: hi!
1,hi!,
10,Parking Spot ID: -1, Location: , Lot: , Covered Parking, Handicap Accessible,Parking Spot ID: 1, Location: hi!, Lot: , Covered Parking
-1,Parking Spot ID: -1, Location: , Lot: ,
1,hi!,
1,hi!,
-1,,
-1,,
-1,,
-1,,
-1,,
-1,,
-1,,
1,hi!,
0,,Parking Spot ID: 1, Location: hi!, Lot: , Covered Parking
1,hi!,
-1,,
-1,,
1,hi!,
1,hi!,
-1,,
-1,,
-1,,
-1,Parking Spot ID: -1, Location: , Lot: ,
1,hi!,
1,hi!,
1,hi!,
1,hi!,
-1,,
1,hi!,
-1,,
-1,,
-1,,
-1,,
-1,,
1,hi!,
1,hi!,
1,hi!,
1,hi!,
-1,,
1,hi!,
1,hi!,
-1,,
-1,,
-1,,
-1,,
-1,,
-1,,
-1,,
-1,,
-1,,
-1,,
-1,,
100,Parking Spot ID: 1, Location: hi!, Lot: hi!,Parking Spot ID: 1, Location: hi!, Lot: hi!
1,hi!,
-1,,
1,hi!,
1,hi!,
1,hi!,hi!
1,hi!,
1,hi!,
1,hi!,
-1,,
-1,,
-1,,
-1,,
1,hi!,
32,Parking Spot ID: -1, Location: , Lot: ,
1,hi!,
-1,Parking Spot ID: -1, Location: , Lot: ,
1,hi!,
1,hi!,
1,hi!,
0,Parking Spot ID: 1, Location: hi!, Lot: , Covered Parking, EV Charging Available,Parking Spot ID: -1, Location: , Lot: , Covered Parking, Covered Parking
-1,,
-1,,
1,hi!,
1,hi!,
-1,Parking Spot ID: -1, Location: , Lot: ,
1,hi!,
-1,,
-1,,
-1,,
-1,,
-1,,
1,hi!,
0,,Parking Spot ID: 1, Location: hi!, Lot: , Covered Parking
-1,,
1,hi!,
1,hi!,
1,hi!,
-1,,
1,hi!,hi!
-1,Parking Spot ID: -1, Location: , Lot: ,
1,hi!,
1,hi!,
1,hi!,
-1,,
1,hi!,
1,hi!,
-1,,
-1,,
-1,,
1,hi!,
1,hi!,
1,hi!,
1,hi!,
-1,Parking Spot ID: -1, Location: , Lot: ,
1,hi!,
1,hi!,
1,hi!,
-1,,
-1,,
1,hi!,
1,hi!,
-1,,
1,hi!,
1,hi!,
-1,,
-1,,
0,,Parking Spot ID: 1, Location: hi!, Lot: , Covered Parking
-1,,
-1,,
1,hi!,
1,hi!,
1,hi!,
-1,Parking Spot ID: -1, Location: , Lot: ,
1,hi!,
1,hi!,
-1,,
-1,,
1,hi!,
-1,,
1,hi!,
1,hi!,
1,hi!,hi!
1,hi!,
1,hi!,
1,hi!,
-1,,
1,hi!,
1,hi!,
1,hi!,
-1,,
-1,,
-1,,
-1,,
-1,,
1,hi!,
1,hi!,
-1,Parking Spot ID: -1, Location: , Lot: ,
-1,Parking Spot ID: -1, Location: , Lot: ,
1,hi!,
1,hi!,
1,hi!,
-1,,
1,hi!,hi!
1,hi!,
1,hi!,
-1,,
-1,,
1,hi!,
-1,,
1,hi!,hi!
1,hi!,
1,hi!,
-1,,
-1,,
1,hi!,
-1,,
1,hi!,
1,hi!,
1,hi!,
-1,,
-1,,
-1,,
-1,,
100,Parking Spot ID: 1, Location: hi!, Lot: hi!,Parking Spot ID: 1, Location: hi!, Lot: hi!
-1,,
-1,,
1,hi!,
-1,,
1,hi!,
1,hi!,
-1,,
-1,,
-1,,
-1,Parking Spot ID: -1, Location: , Lot: ,
1,hi!,
1,hi!,
-1,,
-1,,
-1,,
-1,,
-1,,
-1,,
-1,,
-1,,
-1,,
1,hi!,hi!
1,hi!,
-1,,
1,hi!,
1,hi!,
-1,,
-1,,
-1,,
-1,,
-1,,
-1,,
100,Parking Spot ID: 1, Location: hi!, Lot: hi!,Parking Spot ID: 1, Location: hi!, Lot: hi!
1,hi!,
1,hi!,
1,hi!,
-1,Parking Spot ID: -1, Location: , Lot: ,
1,hi!,
-1,,
-1,,
1,hi!,
1,hi!,
-1,,
1,hi!,
1,hi!,
-1,Parking Spot ID: -1, Location: , Lot: ,
1,hi!,
1,hi!,
-1,,
-1,,
32,Parking Spot ID: -1, Location: , Lot: ,
32,Parking Spot ID: -1, Location: , Lot: ,
1,hi!,
-1,,
-1,,
-1,,
-1,,
-1,,
1,hi!,
1,hi!,
-1,,
1,hi!,
1,hi!,
-1,,
-1,,
-1,,
1,hi!,
1,hi!,
1,hi!,
-1,,
-1,,
-1,,
-1,,
-1,,
-1,,
-1,Parking Spot ID: -1, Location: , Lot: ,
1,hi!,
1,hi!,
-1,,
-1,,
0,,Parking Spot ID: 1, Location: hi!, Lot: , Covered Parking
-1,,
0,,Parking Spot ID: 1, Location: hi!, Lot: , Covered Parking
10,Parking Spot ID: 1, Location: hi!, Lot: , EV Charging Available, Handicap Accessible,Parking Spot ID: 1, Location: hi!, Lot: , Handicap Accessible
1,hi!,
-1,,
-1,,
-1,,
-1,,
-1,,
1,hi!,
-1,,
-1,,
-1,,
32,Parking Spot ID: -1, Location: , Lot: ,
32,Parking Spot ID: -1, Location: , Lot: ,
-1,,
1,hi!,
-1,,
1,hi!,
1,hi!,
1,hi!,
1,hi!,
1,hi!,
-1,,
1,hi!,
1,hi!,
-1,,
-1,,
32,Parking Spot ID: -1, Location: , Lot: ,
1,hi!,
-1,,
-1,,
-1,Parking Spot ID: 1, Location: hi!, Lot: , EV Charging Available, Handicap Accessible,Parking Spot ID: 1, Location: hi!, Lot: 
-1,,
1,hi!,
0,,Parking Spot ID: 1, Location: hi!, Lot: , Covered Parking
-1,,
-1,Parking Spot ID: -1, Location: , Lot: ,
1,hi!,
1,hi!,
-1,,
-1,,
-1,,
1,hi!,
1,hi!,
1,hi!,
-1,,
-1,,
0,,Parking Spot ID: 1, Location: hi!, Lot: , Covered Parking
-1,,
0,,Parking Spot ID: 1, Location: hi!, Lot: , Covered Parking
10,Parking Spot ID: 1, Location: hi!, Lot: , EV Charging Available, Handicap Accessible,Parking Spot ID: 1, Location: hi!, Lot: , Handicap Accessible
-1,,
-1,,
-1,,
-1,,
1,hi!,
-1,,
-1,,
-1,,
-1,,
1,hi!,
1,hi!,
-1,,
-1,,
-1,,
1,hi!,
-1,,
1,hi!,
1,hi!,
1,hi!,
-1,,
1,hi!,
1,hi!,
-1,,
-1,,
-1,,
-1,Parking Spot ID: -1, Location: , Lot: ,
1,hi!,
1,hi!,
-1,,
-1,,
1,hi!,
0,,Parking Spot ID: 1, Location: hi!, Lot: , Covered Parking
1,hi!,
1,hi!,
1,hi!,
1,hi!,
-1,,
-1,,
-1,,
1,hi!,
-1,,
1,hi!,
1,hi!,
-1,,
-1,,
-1,,
-1,,
-1,,
-1,Parking Spot ID: -1, Location: , Lot: ,
-1,,
1,hi!,
1,hi!,
-1,,
1,hi!,
1,hi!,
-1,,
1,hi!,
1,hi!,
10,Parking Spot ID: 32, Location: Parking Spot ID: -1, Location: , Lot: , Lot: , EV Charging Available,Parking Spot ID: 0, Location: , Lot: Parking Spot ID: 1, Location: hi!, Lot: , Covered Parking, Handicap Accessible, Covered Parking
1,hi!,
-1,,
-1,,
-1,,
-1,,
-1,Parking Spot ID: -1, Location: , Lot: ,
1,hi!,
1,hi!,
-1,,
-1,,
32,Parking Spot ID: -1, Location: , Lot: ,
32,Parking Spot ID: -1, Location: , Lot: ,
1,hi!,
1,hi!,
1,hi!,
-1,,
-1,,
-1,,
1,hi!,
1,hi!,
1,hi!,
-1,,
1,hi!,
-1,,
1,hi!,
1,hi!,
1,hi!,
-1,,
-1,,
-1,,
-1,,
-1,,
-1,,
-1,,
-1,,
1,hi!,
1,hi!,
-1,,
-1,,
-1,,
1,hi!,hi!
-1,,
-1,,
-1,,
-1,Parking Spot ID: 1, Location: hi!, Lot: , EV Charging Available, Handicap Accessible,Parking Spot ID: 1, Location: hi!, Lot: 
1,hi!,
-1,,
1,hi!,
1,hi!,
1,hi!,hi!
-1,,
-1,,
-1,,
-1,,
-1,,
-1,,
-1,,
100,Parking Spot ID: 1, Location: hi!, Lot: hi!,Parking Spot ID: 1, Location: hi!, Lot: hi!
1,hi!,
1,hi!,
-1,,
-1,,
1,hi!,
-1,,
1,hi!,
1,hi!,
-1,,
1,hi!,
-1,,
-1,,
-1,,
-1,,
100,Parking Spot ID: 1, Location: hi!, Lot: hi!,Parking Spot ID: 1, Location: hi!, Lot: hi!
10,Parking Spot ID: 100, Location: Parking Spot ID: -1, Location: , Lot: , Covered Parking, Handicap Accessible, Handicap Accessible, Lot: Parking Spot ID: -1, Location: , Lot: , Covered Parking, Covered Parking, Handicap Accessible,Parking Spot ID: -1, Location: , Lot: , Covered Parking, EV Charging Available, EV Charging Available
-1,,
-1,,
-1,,
-1,Parking Spot ID: 1, Location: hi!, Lot: , EV Charging Available, Handicap Accessible,Parking Spot ID: 1, Location: hi!, Lot: 
-1,,
-1,,
-1,,
-1,,
-1,Parking Spot ID: -1, Location: , Lot: ,
1,hi!,
1,hi!,
-1,,
-1,,
-1,,
-1,,
-1,,
97,Parking Spot ID: -1, Location: , Lot: , Covered Parking,Parking Spot ID: -1, Location: , Lot: , Covered Parking, EV Charging Available, Covered Parking
1,hi!,
-1,,
1,hi!,hi!
1,hi!,
1,hi!,
-1,,
-1,,
-1,Parking Spot ID: 1, Location: hi!, Lot: , EV Charging Available, Handicap Accessible,Parking Spot ID: 1, Location: hi!, Lot: 
-1,,
1,hi!,hi!
1,hi!,
1,hi!,
-1,,
-1,,
1,hi!,
-1,Parking Spot ID: -1, Location: , Lot: ,
1,hi!,
-1,,
1,hi!,
-1,,
-1,,
-1,,
1,hi!,
1,hi!,
1,hi!,
-1,,
1,hi!,
1,hi!,
1,hi!,hi!
-1,,
-1,,
-1,,
-1,,
1,hi!,
1,hi!,
-1,,
-1,,
-1,,
1,hi!,hi!
-1,,
1,hi!,
1,hi!,
1,hi!,
-1,,
1,hi!,
1,hi!,
-1,,
1,hi!,
1,hi!,
-1,Parking Spot ID: -1, Location: , Lot: ,
1,hi!,
1,hi!,
1,hi!,
-1,,
1,hi!,
1,hi!,
-1,Parking Spot ID: -1, Location: , Lot: ,
1,hi!,
1,hi!,
-1,,
-1,,
-1,,
-1,,
-1,,
100,Parking Spot ID: 1, Location: hi!, Lot: hi!,Parking Spot ID: 1, Location: hi!, Lot: hi!
1,hi!,
10,Parking Spot ID: -1, Location: , Lot: , Covered Parking, Handicap Accessible,Parking Spot ID: 1, Location: hi!, Lot: , Covered Parking
-1,Parking Spot ID: -1, Location: , Lot: ,
1,hi!,
1,hi!,
1,hi!,
0,,Parking Spot ID: 1, Location: hi!, Lot: , Covered Parking
0,,Parking Spot ID: 1, Location: hi!, Lot: , Covered Parking
-1,Parking Spot ID: -1, Location: , Lot: ,
1,hi!,
1,hi!,
1,hi!,
-1,,
1,hi!,
-1,,
-1,,
1,hi!,
-1,,
1,hi!,
1,hi!,
1,hi!,hi!
-1,,
1,hi!,
1,hi!,
1,hi!,
-1,,
-1,,
-1,,
-1,,
0,Parking Spot ID: 1, Location: hi!, Lot: hi!,Parking Spot ID: 1, Location: hi!, Lot: 
-1,Parking Spot ID: -1, Location: , Lot: ,
1,hi!,
1,hi!,
-1,Parking Spot ID: -1, Location: , Lot: ,
1,hi!,
1,hi!,
-1,,
-1,,
-1,,
52,Parking Spot ID: 1, Location: hi!, Lot: , EV Charging Available, Handicap Accessible, Handicap Accessible,Parking Spot ID: 1, Location: hi!, Lot: hi!, Handicap Accessible
-1,,
1,hi!,
0,,Parking Spot ID: 1, Location: hi!, Lot: , Covered Parking
1,hi!,
1,hi!,
1,hi!,
1,hi!,
-1,Parking Spot ID: -1, Location: , Lot: ,
1,hi!,
1,hi!,
-1,,
-1,,
-1,,
-1,,
-1,,
1,hi!,
-1,,
1,hi!,
1,hi!,
1,hi!,
-1,,
-1,,
-1,,
1,hi!,
1,hi!,
-1,,
1,hi!,
1,hi!,
-1,Parking Spot ID: -1, Location: , Lot: ,
-1,,
1,hi!,
1,hi!,
1,hi!,
-1,,
1,hi!,
1,hi!,
-1,,
1,hi!,
-1,,
-1,,
-1,,
-1,,
-1,,
-1,,
-1,,
-1,,
100,Parking Spot ID: 1, Location: hi!, Lot: hi!,Parking Spot ID: 1, Location: hi!, Lot: hi!
-1,,
-1,,
-1,,
-1,,
100,Parking Spot ID: 1, Location: hi!, Lot: hi!,Parking Spot ID: 1, Location: hi!, Lot: hi!
1,hi!,
1,hi!,
1,hi!,
1,hi!,
-1,,
-1,,
-1,,
1,hi!,
1,hi!,
1,hi!,
0,,Parking Spot ID: 1, Location: hi!, Lot: , Covered Parking
1,hi!,
1,hi!,
1,hi!,
1,hi!,
1,hi!,
1,hi!,
1,hi!,
-1,,
1,hi!,
1,hi!,
-1,,
1,hi!,
-1,,
-1,,
0,,Parking Spot ID: 1, Location: hi!, Lot: , Covered Parking
-1,,
1,hi!,
1,hi!,
-1,,
-1,Parking Spot ID: -1, Location: , Lot: ,
1,hi!,
1,hi!,
-1,,
1,hi!,
1,hi!,
1,hi!,
-1,,
1,hi!,
1,hi!,
-1,,
-1,,
1,hi!,
-1,,
-1,,
-1,,
-1,,
100,Parking Spot ID: 1, Location: hi!, Lot: hi!,Parking Spot ID: 1, Location: hi!, Lot: hi!
1,hi!,
1,hi!,
-1,,
-1,,
-1,,
-1,,
1,hi!,
-1,,
1,hi!,
1,hi!,
-1,,
-1,,
-1,,
-1,,
-1,,
-1,,
1,hi!,
1,hi!,
-1,,
1,hi!,
1,hi!,
-1,,
-1,,
-1,,
-1,,
-1,,
-1,,
32,Parking Spot ID: -1, Location: , Lot: ,
-1,,
-1,,
-1,,
-1,,
1,hi!,hi!
1,hi!,
-1,,
1,hi!,
1,hi!,
-1,,
-1,,
1,hi!,
-1,,
-1,,
-1,,
1,hi!,
-1,Parking Spot ID: -1, Location: , Lot: ,
-1,,
1,hi!,
1,hi!,
1,hi!,hi!
-1,,
-1,,
-1,,
-1,,
-1,,
1,hi!,
-1,,
-1,,
-1,,
-1,,
100,Parking Spot ID: 1, Location: hi!, Lot: hi!,Parking Spot ID: 1, Location: hi!, Lot: hi!
1,hi!,
10,Parking Spot ID: -1, Location: , Lot: , Covered Parking, Handicap Accessible,Parking Spot ID: 1, Location: hi!, Lot: , Covered Parking
1,hi!,
1,hi!,
1,hi!,
1,hi!,
-1,,
1,hi!,
1,hi!,
1,hi!,
1,hi!,
-1,,
1,hi!,
1,hi!,
1,hi!,hi!
-1,,
1,hi!,
-1,,
-1,,
-1,Parking Spot ID: -1, Location: , Lot: ,
1,hi!,
1,hi!,
1,hi!,
-1,,
-1,,
1,hi!,
-1,,
1,hi!,
-1,,
1,hi!,
1,hi!,
-1,,
-1,,
-1,,
0,,Parking Spot ID: 1, Location: hi!, Lot: , Covered Parking
-1,,
0,,Parking Spot ID: 1, Location: hi!, Lot: , Covered Parking
10,Parking Spot ID: 1, Location: hi!, Lot: , EV Charging Available, Handicap Accessible,Parking Spot ID: 1, Location: hi!, Lot: , Handicap Accessible
-1,Parking Spot ID: -1, Location: , Lot: ,
1,hi!,
1,hi!,
1,hi!,
1,hi!,
-1,,
-1,,
-1,,
-1,,
-1,,
0,Parking Spot ID: 1, Location: hi!, Lot: hi!, Handicap Accessible, Handicap Accessible,Parking Spot ID: -1, Location: , Lot: , Covered Parking, Handicap Accessible, Covered Parking, Covered Parking, EV Charging Available
1,hi!,
1,hi!,
-1,Parking Spot ID: -1, Location: , Lot: ,
1,hi!,
1,hi!,
-1,,
-1,,
-1,,
32,Parking Spot ID: -1, Location: , Lot: ,
1,hi!,
1,hi!,
1,hi!,
-1,,
-1,,
-1,,
100,Parking Spot ID: -1, Location: , Lot: , Covered Parking, EV Charging Available,Parking Spot ID: 32, Location: Parking Spot ID: -1, Location: , Lot: , Lot: , EV Charging Available, EV Charging Available, Covered Parking
-1,,
-1,,
-1,,
-1,,
100,Parking Spot ID: 1, Location: hi!, Lot: hi!,Parking Spot ID: 1, Location: hi!, Lot: hi!
1,hi!,
1,hi!,
1,hi!,
1,hi!,
-1,,
-1,,
-1,,
-1,,
-1,,
-1,,
-1,,
-1,,
-1,,
100,Parking Spot ID: 1, Location: hi!, Lot: hi!,Parking Spot ID: 1, Location: hi!, Lot: hi!
100,Parking Spot ID: 1, Location: hi!, Lot: hi!,Parking Spot ID: 1, Location: hi!, Lot: hi!
-1,,
-1,,
-1,,
1,hi!,
-1,,
-1,,
32,Parking Spot ID: -1, Location: , Lot: ,
-1,,
-1,,
1,hi!,
1,hi!,
1,hi!,
1,hi!,
-1,,
-1,,
1,hi!,
1,hi!,
1,hi!,
1,hi!,
-1,,
-1,,
-1,,
-1,,
100,Parking Spot ID: 1, Location: hi!, Lot: hi!,Parking Spot ID: 1, Location: hi!, Lot: hi!
1,hi!,
1,hi!,
1,hi!,
-1,Parking Spot ID: -1, Location: , Lot: ,
-1,,
1,hi!,
1,hi!,
-1,,
1,hi!,
-1,,
-1,,
-1,Parking Spot ID: 1, Location: hi!, Lot: , EV Charging Available, Handicap Accessible,Parking Spot ID: 1, Location: hi!, Lot: 
-1,,
-1,,
-1,,
-1,Parking Spot ID: -1, Location: , Lot: ,
1,hi!,
1,hi!,
-1,,
-1,,
-1,,
-1,,
100,Parking Spot ID: 1, Location: hi!, Lot: hi!,Parking Spot ID: 1, Location: hi!, Lot: hi!
1,hi!,
1,hi!,
1,hi!,
1,hi!,
-1,Parking Spot ID: -1, Location: , Lot: ,
1,hi!,
1,hi!,
-1,,
-1,,
32,Parking Spot ID: -1, Location: , Lot: ,
32,Parking Spot ID: -1, Location: , Lot: ,
1,hi!,
-1,,
1,hi!,
1,hi!,
1,hi!,hi!
-1,,
1,hi!,
-1,,
1,hi!,hi!
-1,,
-1,,
1,hi!,
-1,,
1,hi!,
1,hi!,
1,hi!,hi!
-1,,
1,hi!,
32,Parking Spot ID: -1, Location: , Lot: ,
-1,,
-1,,
-1,,
1,hi!,
-1,,
-1,,
1,hi!,
-1,,
-1,,
-1,,
-1,,
1,hi!,
-1,,
1,hi!,hi!
1,hi!,
1,hi!,
1,hi!,
-1,Parking Spot ID: -1, Location: , Lot: ,
-1,,
1,hi!,
1,hi!,
-1,,
-1,,
0,,Parking Spot ID: 1, Location: hi!, Lot: , Covered Parking
-1,,
1,hi!,hi!
-1,,
-1,,
-1,,
1,hi!,
1,hi!,
1,hi!,
1,hi!,
1,hi!,
-1,Parking Spot ID: -1, Location: , Lot: ,
1,hi!,
1,hi!,
-1,,
-1,,
-1,,
-1,,
-1,,
-1,,
-1,,
1,hi!,
-1,,
1,hi!,
1,hi!,
-1,,
-1,,
-1,,
-1,,
1,hi!,
-1,,
-1,,
32,Parking Spot ID: -1, Location: , Lot: ,
-1,,
-1,,
-1,,
-1,,
-1,,
-1,,
-1,,
1,hi!,
-1,,
-1,,
1,hi!,
1,hi!,
-1,,
-1,,
1,hi!,
-1,Parking Spot ID: -1, Location: , Lot: ,
1,hi!,
1,hi!,
1,hi!,hi!
1,hi!,
-1,,
-1,,
-1,,
-1,,
-1,,
-1,,
-1,,
-1,,
-1,,
-1,Parking Spot ID: -1, Location: , Lot: ,
1,hi!,
1,hi!,
-1,,
-1,,
-1,,
-1,,
-1,,
-1,,
1,hi!,
1,hi!,
-1,,
1,hi!,
1,hi!,
1,hi!,hi!
-1,,
-1,,
-1,Parking Spot ID: -1, Location: , Lot: ,
1,hi!,
1,hi!,
1,hi!,hi!
-1,,
-1,,
1,hi!,
1,hi!,
1,hi!,
1,hi!,
1,hi!,
1,hi!,
1,hi!,
-1,,
1,hi!,
1,hi!,
-1,,
1,hi!,
-1,,
1,hi!,
1,hi!,
1,hi!,hi!
-1,,
-1,,
-1,,
-1,,
1,hi!,hi!
1,hi!,
1,hi!,
-1,,
1,hi!,
1,hi!,
1,hi!,
-1,,
1,hi!,
-1,,
-1,,
-1,Parking Spot ID: 1, Location: hi!, Lot: , EV Charging Available, Handicap Accessible,Parking Spot ID: 1, Location: hi!, Lot: 
-1,,
-1,,
1,hi!,
-1,,
1,hi!,
1,hi!,
1,hi!,
1,hi!,
-1,,
1,hi!,
1,hi!,
1,hi!,hi!
-1,,
-1,Parking Spot ID: -1, Location: , Lot: ,
1,hi!,
-1,,
1,hi!,
-1,,
-1,,
32,Parking Spot ID: -1, Location: , Lot: ,
1,hi!,
-1,,
-1,,
-1,,
-1,,
-1,,
-1,Parking Spot ID: -1, Location: , Lot: ,
1,hi!,
1,hi!,
1,hi!,
-1,,
-1,,
1,hi!,
1,hi!,
-1,,
-1,,
-1,,
-1,,
-1,,
1,hi!,
1,hi!,
1,hi!,
-1,,
1,hi!,
1,hi!,
-1,,
1,hi!,
1,hi!,
-1,,
1,hi!,
-1,,
1,hi!,
1,hi!,
-1,,
-1,,
1,hi!,
1,hi!,
1,hi!,
-1,,
1,hi!,
1,hi!,
-1,,
1,hi!,
1,hi!,
1,hi!,hi!
-1,,
-1,,
-1,,
1,hi!,
-1,,
1,hi!,hi!
-1,,
1,hi!,
1,hi!,
-1,,
-1,,
-1,,
-1,,
1,hi!,
-1,,
1,hi!,
1,hi!,
1,hi!,
-1,,
-1,,
-1,,
-1,,
-1,,
-1,,
-1,,
-1,,
100,Parking Spot ID: 1, Location: hi!, Lot: hi!,Parking Spot ID: 1, Location: hi!, Lot: hi!
1,hi!,
10,Parking Spot ID: -1, Location: , Lot: , Covered Parking, Handicap Accessible,Parking Spot ID: 1, Location: hi!, Lot: , Covered Parking
-1,Parking Spot ID: -1, Location: , Lot: ,
1,hi!,
1,hi!,
-1,,
1,hi!,
-1,,
1,hi!,
1,hi!,
-1,,
-1,,
1,hi!,
-1,,
1,hi!,
1,hi!,
1,hi!,hi!
-1,,
-1,,
1,hi!,
1,hi!,
0,Parking Spot ID: -1, Location: , Lot: , Handicap Accessible,Parking Spot ID: 1, Location: hi!, Lot: , EV Charging Available, Handicap Accessible
-1,,
-1,,
-1,,
1,hi!,hi!
-1,,
-1,,
-1,,
1,hi!,
-1,,
-1,,
1,hi!,
-1,,
1,hi!,
1,hi!,
1,hi!,
1,hi!,
-1,,
-1,,
-1,,
1,hi!,
1,hi!,
-1,,
1,hi!,
-1,,
1,hi!,hi!
-1,Parking Spot ID: -1, Location: , Lot: ,
1,hi!,
1,hi!,
0,,Parking Spot ID: 1, Location: hi!, Lot: , Covered Parking
1,hi!,
1,hi!,
1,hi!,
1,hi!,
-1,,
-1,,
-1,,
-1,,
0,Parking Spot ID: 1, Location: hi!, Lot: ,
-1,,
-1,,
-1,,
-1,,
1,hi!,
-1,,
-1,,
-1,,
-1,,
-1,,
-1,,
0,,Parking Spot ID: 1, Location: hi!, Lot: , Covered Parking
-1,,
-1,,
-1,,
1,hi!,
1,hi!,
1,hi!,
1,hi!,
1,hi!,
-1,,
-1,,
-1,,
-1,,
-1,Parking Spot ID: -1, Location: , Lot: ,
1,hi!,
-1,Parking Spot ID: -1, Location: , Lot: ,
-1,,
-1,,
-1,,
-1,,
-1,,
-1,,
-1,,
-1,,
0,,Parking Spot ID: 1, Location: hi!, Lot: , Covered Parking
-1,,
-1,,
-1,Parking Spot ID: -1, Location: , Lot: ,
1,hi!,
1,hi!,
1,hi!,
0,Parking Spot ID: 1, Location: hi!, Lot: , Covered Parking, EV Charging Available,Parking Spot ID: -1, Location: , Lot: , Covered Parking, Covered Parking
-1,,
-1,,
1,hi!,
1,hi!,
-1,Parking Spot ID: -1, Location: , Lot: ,
-1,,
1,hi!,
1,hi!,
-1,,
1,hi!,
1,hi!,
-1,,
1,hi!,
1,hi!,
1,hi!,hi!
1,hi!,
1,hi!,
-1,,
1,hi!,
1,hi!,
-1,,
-1,,
-1,,
-1,,
-1,,
-1,,
-1,,
-1,,
1,hi!,
1,hi!,
1,hi!,
1,hi!,
0,,Parking Spot ID: 1, Location: hi!, Lot: , Covered Parking
-1,,
-1,,
-1,,
1,hi!,hi!
1,hi!,
-1,,
-1,,
-1,Parking Spot ID: -1, Location: , Lot: ,
1,hi!,
1,hi!,
1,hi!,
0,Parking Spot ID: 1, Location: hi!, Lot: , Covered Parking, EV Charging Available,Parking Spot ID: -1, Location: , Lot: , Covered Parking, Covered Parking
-1,,
-1,,
-1,,
-1,,
1,hi!,
1,hi!,
-1,,
1,hi!,
1,hi!,
-1,,
-1,,
-1,,
-1,,
-1,,
100,Parking Spot ID: 1, Location: hi!, Lot: hi!,Parking Spot ID: 1, Location: hi!, Lot: hi!
1,hi!,
1,hi!,
-1,,
-1,Parking Spot ID: -1, Location: , Lot: ,
1,hi!,
1,hi!,
-1,,
-1,,
-1,,
-1,,
1,hi!,
1,hi!,
0,,Parking Spot ID: 1, Location: hi!, Lot: , Covered Parking
1,hi!,
1,hi!,
1,hi!,
1,hi!,
-1,,
-1,Parking Spot ID: -1, Location: , Lot: ,
1,hi!,
1,hi!,
-1,Parking Spot ID: -1, Location: , Lot: ,
1,hi!,
1,hi!,
1,hi!,
1,hi!,
1,hi!,
1,hi!,
-1,,
-1,,
-1,,
1,hi!,
1,hi!,
1,hi!,
1,hi!,
1,hi!,
1,hi!,
-1,,
1,hi!,
1,hi!,
-1,,
1,hi!,
1,hi!,
1,hi!,
1,hi!,
1,hi!,
1,hi!,
-1,,
-1,,
-1,,
-1,,
-1,,
-1,,
32,Parking Spot ID: -1, Location: , Lot: ,
-1,,
-1,,
-1,,
1,hi!,
1,hi!,
1,hi!,
1,hi!,
32,Parking Spot ID: 1, Location: hi!, Lot: , Covered Parking, Covered Parking, Covered Parking,Parking Spot ID: 1, Location: hi!, Lot: hi!, Handicap Accessible
-1,,
-1,,
-1,,
-1,,
-1,,
-1,,
-1,,
32,Parking Spot ID: -1, Location: , Lot: ,
-1,,
-1,,
-1,,
-1,,
-1,,
1,hi!,
1,hi!,
-1,,
-1,,
-1,,
-1,,
1,hi!,hi!
1,hi!,
-1,,
1,hi!,
1,hi!,
-1,,
-1,,
-1,,
-1,,
32,Parking Spot ID: -1, Location: , Lot: ,
-1,,
-1,,
1,hi!,
-1,,
-1,,
1,hi!,
-1,,
1,hi!,hi!
-1,,
1,hi!,
1,hi!,
-1,,
-1,,
-1,,
-1,,
1,hi!,
-1,,
-1,,
0,,Parking Spot ID: 1, Location: hi!, Lot: , Covered Parking
-1,,
-1,,
-1,,
1,hi!,
1,hi!,
1,hi!,
-1,,
1,hi!,
-1,,
1,hi!,hi!
1,hi!,
1,hi!,
1,hi!,
-1,,
1,hi!,
1,hi!,
1,hi!,hi!
-1,,
-1,,
-1,,
-1,,
-1,,
-1,,
1,hi!,
-1,,
-1,,
-1,,
32,Parking Spot ID: -1, Location: , Lot: ,
32,Parking Spot ID: -1, Location: , Lot: ,
32,Parking Spot ID: -1, Location: , Lot: ,
1,hi!,
-1,,
-1,,
-1,,
-1,,
32,Parking Spot ID: -1, Location: , Lot: ,
-1,,
-1,Parking Spot ID: -1, Location: , Lot: ,
1,hi!,
1,hi!,
-1,,
-1,,
-1,,
-1,,
-1,,
-1,,
-1,,
-1,,
-1,,
-1,,
1,hi!,
1,hi!,
0,Parking Spot ID: -1, Location: , Lot: , Handicap Accessible,Parking Spot ID: 1, Location: hi!, Lot: , EV Charging Available, Handicap Accessible
1,hi!,
-1,,
1,hi!,
1,hi!,
1,hi!,
-1,,
-1,,
-1,,
-1,,
-1,,
-1,,
-1,,
-1,,
-1,,
-1,Parking Spot ID: -1, Location: , Lot: ,
-1,,
-1,,
-1,,
-1,,
-1,,
-1,,
1,hi!,
-1,,
1,hi!,
1,hi!,
-1,,
-1,,
100,Parking Spot ID: -1, Location: , Lot: , Covered Parking, Handicap Accessible, Handicap Accessible,Parking Spot ID: -1, Location: , Lot: , Covered Parking, Covered Parking
-1,Parking Spot ID: -1, Location: , Lot: ,
1,hi!,
1,hi!,
1,hi!,
1,hi!,
-1,,
-1,,
-1,,
1,hi!,
1,hi!,
-1,,
-1,,
0,,Parking Spot ID: 1, Location: hi!, Lot: , Covered Parking
-1,,
0,,Parking Spot ID: 1, Location: hi!, Lot: , Covered Parking
1,hi!,hi!
-1,,
-1,,
-1,,
-1,,
-1,,
-1,,
-1,,
-1,,
-1,,
-1,,
-1,,
100,Parking Spot ID: 1, Location: hi!, Lot: hi!,Parking Spot ID: 1, Location: hi!, Lot: hi!
1,hi!,
10,Parking Spot ID: -1, Location: , Lot: , Covered Parking, Handicap Accessible,Parking Spot ID: 1, Location: hi!, Lot: , Covered Parking
-1,,
-1,,
1,hi!,
1,hi!,
-1,,
1,hi!,
1,hi!,
1,hi!,
-1,,
-1,,
0,,Parking Spot ID: 1, Location: hi!, Lot: , Covered Parking
1,hi!,
1,hi!,
-1,,
1,hi!,
1,hi!,
-1,,
1,hi!,
1,hi!,
-1,,
-1,,
-1,Parking Spot ID: 1, Location: hi!, Lot: , EV Charging Available, Handicap Accessible,Parking Spot ID: 1, Location: hi!, Lot: 
1,hi!,
-1,,
-1,,
-1,,
-1,,
0,Parking Spot ID: 1, Location: hi!, Lot: hi!, Handicap Accessible, Handicap Accessible,Parking Spot ID: -1, Location: , Lot: , Covered Parking, Handicap Accessible, Covered Parking, Covered Parking, EV Charging Available
1,hi!,
1,hi!,
-1,,
-1,,
-1,,
-1,,
-1,,
-1,Parking Spot ID: -1, Location: , Lot: ,
1,hi!,
1,hi!,
1,hi!,
32,Parking Spot ID: -1, Location: , Lot: ,
0,,Parking Spot ID: 32, Location: Parking Spot ID: 1, Location: hi!, Lot: hi!, Handicap Accessible, Lot: Parking Spot ID: 1, Location: hi!, Lot: , EV Charging Available
1,hi!,
-1,,
-1,,
-1,,
-1,,
32,Parking Spot ID: -1, Location: , Lot: ,
32,Parking Spot ID: -1, Location: , Lot: ,
1,hi!,
1,hi!,
-1,,
1,hi!,
1,hi!,
-1,,
1,hi!,
-1,,
1,hi!,
1,hi!,
1,hi!,
-1,,
-1,,
-1,,
1,hi!,
1,hi!,
-1,,
-1,,
-1,,
-1,,
-1,,
1,hi!,
1,hi!,
-1,,
-1,,
0,,Parking Spot ID: 1, Location: hi!, Lot: , Covered Parking
1,hi!,
-1,,
1,hi!,
1,hi!,
1,hi!,
-1,,
-1,,
-1,,
1,hi!,
-1,,
-1,,
0,,Parking Spot ID: 1, Location: hi!, Lot: , Covered Parking
1,hi!,
-1,,
1,hi!,
1,hi!,
1,hi!,hi!
-1,,
1,hi!,
-1,,
-1,,
-1,,
1,hi!,
-1,,
-1,,
-1,,
0,,Parking Spot ID: 1, Location: hi!, Lot: , Covered Parking
0,Parking Spot ID: -1, Location: , Lot: , Covered Parking, EV Charging Available, Covered Parking,Parking Spot ID: 1, Location: hi!, Lot: , Covered Parking, EV Charging Available
1,hi!,
-1,,
1,hi!,
1,hi!,
1,hi!,
1,hi!,
-1,,
-1,,
-1,,
-1,,
-1,,
-1,,
1,hi!,
-1,,
1,hi!,
1,hi!,
1,hi!,
-1,,
-1,,
-1,,
-1,,
1,hi!,
32,Parking Spot ID: -1, Location: , Lot: ,
0,,Parking Spot ID: 32, Location: Parking Spot ID: 1, Location: hi!, Lot: hi!, Handicap Accessible, Lot: Parking Spot ID: 1, Location: hi!, Lot: , EV Charging Available
-1,,
-1,,
1,hi!,
1,hi!,
1,hi!,
1,hi!,
1,hi!,
-1,,
1,hi!,hi!
1,hi!,
1,hi!,
-1,,
-1,,
0,,Parking Spot ID: 1, Location: hi!, Lot: , Covered Parking
-1,,
-1,,
-1,,
1,hi!,
1,hi!,
1,hi!,
1,hi!,
1,hi!,
1,hi!,
-1,,
1,hi!,
1,hi!,
-1,,
-1,,
-1,,
-1,,
32,Parking Spot ID: -1, Location: , Lot: ,
-1,,
1,hi!,
-1,,
-1,,
0,,Parking Spot ID: 1, Location: hi!, Lot: , Covered Parking
-1,,
-1,,
-1,,
1,hi!,
1,hi!,
1,hi!,
-1,,
-1,,
-1,,
-1,,
-1,,
-1,,
-1,Parking Spot ID: -1, Location: , Lot: ,
1,hi!,
1,hi!,
-1,,
-1,,
-1,,
-1,,
-1,,
0,,Parking Spot ID: 1, Location: hi!, Lot: , Covered Parking
-1,,
-1,,
-1,,
1,hi!,
1,hi!,
1,hi!,
-1,,
-1,,
1,hi!,
1,hi!,
1,hi!,
1,hi!,
1,hi!,
-1,,
-1,,
-1,,
-1,,
-1,,
0,,Parking Spot ID: 1, Location: hi!, Lot: , Covered Parking
-1,,
1,hi!,hi!
-1,,
-1,,
-1,,
-1,,
100,Parking Spot ID: 1, Location: hi!, Lot: hi!,Parking Spot ID: 1, Location: hi!, Lot: hi!
1,hi!,
1,hi!,
1,hi!,
1,hi!,
-1,,
1,hi!,hi!
-1,Parking Spot ID: -1, Location: , Lot: ,
1,hi!,
1,hi!,
0,,Parking Spot ID: 1, Location: hi!, Lot: , Covered Parking
1,hi!,hi!
-1,Parking Spot ID: -1, Location: , Lot: ,
1,hi!,
1,hi!,
-1,,
-1,,
32,Parking Spot ID: -1, Location: , Lot: ,
32,Parking Spot ID: -1, Location: , Lot: ,
-1,,
-1,,
-1,,
-1,,
100,Parking Spot ID: 1, Location: hi!, Lot: hi!,Parking Spot ID: 1, Location: hi!, Lot: hi!
1,hi!,
1,hi!,
1,hi!,
1,hi!,
1,hi!,
-1,,
1,hi!,
1,hi!,
1,hi!,hi!
-1,,
-1,,
-1,,
0,Parking Spot ID: 1, Location: hi!, Lot: hi!, Handicap Accessible, Handicap Accessible,Parking Spot ID: -1, Location: , Lot: , Covered Parking, Handicap Accessible, Covered Parking, Covered Parking, EV Charging Available
1,hi!,
1,hi!,
1,hi!,
-1,,
-1,,
1,hi!,
-1,,
1,hi!,
1,hi!,
97,Parking Spot ID: -1, Location: , Lot: , Covered Parking,Parking Spot ID: -1, Location: , Lot: , Covered Parking, EV Charging Available, Covered Parking
-1,,
-1,,
-1,,
1,hi!,
-1,Parking Spot ID: -1, Location: , Lot: ,
1,hi!,
1,hi!,
-1,,
1,hi!,
-1,Parking Spot ID: -1, Location: , Lot: ,
-1,,
-1,,
-1,,
-1,,
-1,,
-1,,
1,hi!,
1,hi!,
1,hi!,
-1,Parking Spot ID: -1, Location: , Lot: ,
1,hi!,
-1,,
-1,,
1,hi!,
-1,,
-1,,
-1,,
1,hi!,
1,hi!,
1,hi!,
1,hi!,
-1,,
-1,Parking Spot ID: -1, Location: , Lot: ,
1,hi!,
1,hi!,
1,hi!,
-1,,
1,hi!,
1,hi!,
1,hi!,hi!
1,hi!,
1,hi!,
-1,,
-1,,
-1,,
-1,,
-1,,
-1,Parking Spot ID: -1, Location: , Lot: ,
1,hi!,
1,hi!,
1,hi!,
1,hi!,
-1,,
-1,,
-1,,
-1,,
-1,,
-1,,
-1,,
-1,,
-1,,
-1,,
-1,,
1,hi!,
-1,,
1,hi!,hi!
1,hi!,
1,hi!,
-1,,
-1,,
-1,,
1,hi!,
1,hi!,
-1,,
1,hi!,hi!
1,hi!,
1,hi!,
1,hi!,
-1,,
-1,,
-1,,
-1,,
-1,,
1,hi!,
-1,,
1,hi!,
1,hi!,
1,hi!,hi!
-1,,
-1,,
-1,,
-1,,
1,hi!,
1,hi!,
-1,,
1,hi!,
-1,,
-1,,
-1,,
1,hi!,
-1,,
1,hi!,
1,hi!,
1,hi!,
-1,,
-1,,
-1,,
1,hi!,
-1,,
1,hi!,
1,hi!,
-1,,
-1,,
-1,Parking Spot ID: -1, Location: , Lot: ,
1,hi!,
1,hi!,
-1,,
-1,,
-1,,
-1,,
-1,,
-1,,
-1,,
-1,,
-1,Parking Spot ID: -1, Location: , Lot: ,
1,hi!,
1,hi!,
-1,,
-1,,
-1,,
-1,,
-1,,
-1,Parking Spot ID: -1, Location: , Lot: ,
1,hi!,
1,hi!,
-1,,
-1,,
-1,,
1,hi!,
-1,,
1,hi!,
1,hi!,
-1,,
-1,,
-1,,
-1,,
1,hi!,
1,hi!,
-1,,
-1,,
-1,,
32,Parking Spot ID: -1, Location: , Lot: ,
-1,Parking Spot ID: -1, Location: , Lot: ,
1,hi!,
1,hi!,
1,hi!,
-1,,
-1,,
-1,,
-1,,
-1,,
-1,,
100,Parking Spot ID: 1, Location: hi!, Lot: hi!,Parking Spot ID: 1, Location: hi!, Lot: hi!
1,hi!,
10,Parking Spot ID: -1, Location: , Lot: , Covered Parking, Handicap Accessible,Parking Spot ID: 1, Location: hi!, Lot: , Covered Parking
-1,,
-1,,
-1,,
-1,,
0,,Parking Spot ID: 1, Location: hi!, Lot: , Covered Parking
1,hi!,
-1,,
-1,,
-1,,
-1,,
100,Parking Spot ID: 1, Location: hi!, Lot: hi!,Parking Spot ID: 1, Location: hi!, Lot: hi!
10,Parking Spot ID: 100, Location: Parking Spot ID: -1, Location: , Lot: , Covered Parking, Handicap Accessible, Handicap Accessible, Lot: Parking Spot ID: -1, Location: , Lot: , Covered Parking, Covered Parking, Handicap Accessible,Parking Spot ID: -1, Location: , Lot: , Covered Parking, EV Charging Available, EV Charging Available
-1,,
-1,,
-1,,
-1,,
-1,,
-1,,
1,hi!,
0,,Parking Spot ID: 1, Location: hi!, Lot: , Covered Parking
1,hi!,
1,hi!,
1,hi!,
1,hi!,
-1,,
-1,,
-1,,
-1,,
0,Parking Spot ID: 1, Location: hi!, Lot: ,
-1,,
-1,,
-1,,
100,Parking Spot ID: 0, Location: , Lot: Parking Spot ID: 1, Location: hi!, Lot: , Covered Parking, Handicap Accessible, Covered Parking,hi!
-1,,
-1,,
0,,Parking Spot ID: 1, Location: hi!, Lot: , Covered Parking
-1,,
0,,Parking Spot ID: 1, Location: hi!, Lot: , Covered Parking
10,Parking Spot ID: 1, Location: hi!, Lot: , EV Charging Available, Handicap Accessible,Parking Spot ID: 1, Location: hi!, Lot: , Handicap Accessible
-1,Parking Spot ID: -1, Location: , Lot: ,
-1,,
1,hi!,
-1,,
-1,,
-1,,
1,hi!,
-1,,
-1,,
-1,,
1,hi!,
-1,,
1,hi!,
1,hi!,
1,hi!,
1,hi!,
-1,,
-1,,
-1,,
-1,,
100,Parking Spot ID: 1, Location: hi!, Lot: hi!,Parking Spot ID: 1, Location: hi!, Lot: hi!
-1,,
1,hi!,
-1,,
-1,,
-1,,
-1,,
-1,Parking Spot ID: -1, Location: , Lot: ,
1,hi!,
-1,,
-1,Parking Spot ID: -1, Location: , Lot: ,
1,hi!,
1,hi!,
1,hi!,
-1,,
1,hi!,
-1,,
1,hi!,
1,hi!,
1,hi!,
1,hi!,
1,hi!,
-1,,
1,hi!,
1,hi!,
1,hi!,hi!
-1,,
-1,,
-1,,
-1,,
-1,,
-1,,
1,hi!,
-1,,
1,hi!,
1,hi!,
1,hi!,hi!
-1,,
-1,Parking Spot ID: -1, Location: , Lot: ,
-1,,
32,Parking Spot ID: -1, Location: , Lot: ,
-1,,
-1,,
-1,,
-1,Parking Spot ID: -1, Location: , Lot: ,
-1,,
1,hi!,
1,hi!,
-1,,
-1,,
-1,,
1,hi!,
1,hi!,
1,hi!,
32,Parking Spot ID: 52, Location: Parking Spot ID: 0, Location: Parking Spot ID: -1, Location: , Lot: , Covered Parking, EV Charging Available, Covered Parking, Lot: Parking Spot ID: 1, Location: hi!, Lot: , EV Charging Available, Handicap Accessible, Lot: Parking Spot ID: 100, Location: Parking Spot ID: -1, Location: , Lot: , Covered Parking, Handicap Accessible, Handicap Accessible, Lot: Parking Spot ID: -1, Location: , Lot: , Covered Parking, Covered Parking, EV Charging Available, EV Charging Available,Parking Spot ID: 0, Location: , Lot: Parking Spot ID: 1, Location: hi!, Lot: , Covered Parking, Handicap Accessible
1,hi!,
-1,,
-1,,
-1,,
-1,,
32,Parking Spot ID: -1, Location: , Lot: ,
32,Parking Spot ID: -1, Location: , Lot: ,
1,hi!,
1,hi!,
1,hi!,
1,hi!,
1,hi!,
0,,Parking Spot ID: 1, Location: hi!, Lot: , Covered Parking
1,hi!,
1,hi!,
1,hi!,
1,hi!,
1,hi!,
-1,,
1,hi!,
1,hi!,
-1,,
-1,,
-1,,
-1,,
-1,,
-1,,
-1,,
-1,,
-1,,
-1,Parking Spot ID: -1, Location: , Lot: ,
1,hi!,
1,hi!,
1,hi!,
-1,,
-1,,
-1,,
-1,,
-1,,
100,Parking Spot ID: 1, Location: hi!, Lot: hi!,Parking Spot ID: 1, Location: hi!, Lot: hi!
1,hi!,
1,hi!,
1,hi!,
1,hi!,
-1,,
-1,,
-1,,
1,hi!,
1,hi!,
-1,,
-1,,
-1,,
1,hi!,hi!
-1,,
-1,,
-1,,
0,,Parking Spot ID: 1, Location: hi!, Lot: , Covered Parking
0,Parking Spot ID: -1, Location: , Lot: , Covered Parking, EV Charging Available, Covered Parking,Parking Spot ID: 1, Location: hi!, Lot: , Covered Parking, EV Charging Available
1,hi!,
-1,,
1,hi!,
1,hi!,
1,hi!,
1,hi!,
-1,,
-1,,
-1,,
-1,,
-1,,
-1,,
-1,,
-1,,
-1,,
1,hi!,
-1,,
-1,,
-1,,
1,hi!,
1,hi!,
1,hi!,
1,hi!,
-1,,
-1,,
-1,,
-1,,
-1,,
-1,,
-1,,
1,hi!,
1,hi!,
1,hi!,
-1,,
1,hi!,
1,hi!,
-1,,
-1,,
-1,,
1,hi!,
1,hi!,
-1,,
-1,,
-1,,
1,hi!,
-1,,
-1,,
-1,,
0,,Parking Spot ID: 1, Location: hi!, Lot: , Covered Parking
0,Parking Spot ID: -1, Location: , Lot: , Covered Parking, EV Charging Available, Covered Parking,Parking Spot ID: 1, Location: hi!, Lot: , Covered Parking, EV Charging Available
1,hi!,
-1,,
1,hi!,
1,hi!,
1,hi!,
1,hi!,
-1,,
-1,,
1,hi!,
1,hi!,
-1,,
-1,,
1,hi!,
-1,Parking Spot ID: -1, Location: , Lot: ,
1,hi!,
1,hi!,
1,hi!,hi!
-1,,
-1,,
-1,,
97,Parking Spot ID: -1, Location: , Lot: , Covered Parking,Parking Spot ID: -1, Location: , Lot: , Covered Parking, EV Charging Available, Covered Parking
1,hi!,
-1,Parking Spot ID: -1, Location: , Lot: ,
1,hi!,
1,hi!,
-1,,
-1,,
32,Parking Spot ID: -1, Location: , Lot: ,
-1,,
-1,,
-1,,
-1,,
0,Parking Spot ID: 1, Location: hi!, Lot: hi!,Parking Spot ID: 1, Location: hi!, Lot: 
-1,Parking Spot ID: -1, Location: , Lot: ,
1,hi!,
1,hi!,
1,hi!,
-1,,
1,hi!,
1,hi!,
1,hi!,hi!
-1,,
-1,,
-1,,
-1,,
-1,,
-1,,
-1,,
-1,,
1,hi!,
-1,,
-1,Parking Spot ID: -1, Location: , Lot: ,
1,hi!,
-1,,
-1,,
1,hi!,
1,hi!,
1,hi!,
1,hi!,
-1,,
-1,,
-1,,
-1,,
100,Parking Spot ID: 1, Location: hi!, Lot: hi!,Parking Spot ID: 1, Location: hi!, Lot: hi!
1,hi!,
-1,,
1,hi!,
1,hi!,
1,hi!,
1,hi!,
-1,Parking Spot ID: -1, Location: , Lot: ,
1,hi!,
1,hi!,
-1,,
-1,,
-1,,
-1,,
-1,Parking Spot ID: -1, Location: , Lot: ,
1,hi!,
-1,,
-1,,
-1,,
0,,Parking Spot ID: 1, Location: hi!, Lot: , Covered Parking
-1,,
-1,,
-1,,
-1,,
-1,,
-1,,
-1,,
-1,,
-1,,
-1,,
-1,,
0,Parking Spot ID: 1, Location: hi!, Lot: hi!, Handicap Accessible, Handicap Accessible,Parking Spot ID: -1, Location: , Lot: , Covered Parking, Handicap Accessible, Covered Parking, Covered Parking, EV Charging Available
1,hi!,
1,hi!,
-1,Parking Spot ID: -1, Location: , Lot: ,
1,hi!,
1,hi!,
-1,,
-1,,
-1,,
1,hi!,
1,hi!,
0,,Parking Spot ID: 1, Location: hi!, Lot: , Covered Parking
1,hi!,
-1,,
1,hi!,
1,hi!,
1,hi!,
1,hi!,
1,hi!,
1,hi!,
-1,,
-1,,
-1,,
0,,Parking Spot ID: 1, Location: hi!, Lot: , Covered Parking
0,Parking Spot ID: -1, Location: , Lot: , Covered Parking, EV Charging Available, Covered Parking,Parking Spot ID: 1, Location: hi!, Lot: , Covered Parking, EV Charging Available
1,hi!,
-1,,
1,hi!,
1,hi!,
1,hi!,
-1,,
-1,,
-1,,
35,Parking Spot ID: -1, Location: , Lot: , Covered Parking, EV Charging Available, EV Charging Available, EV Charging Available, Covered Parking, EV Charging Available,Parking Spot ID: 0, Location: , Lot: Parking Spot ID: 1, Location: hi!, Lot: , Covered Parking, Handicap Accessible
-1,,
-1,,
-1,,
-1,,
-1,,
-1,,
-1,,
-1,,
1,hi!,
-1,,
1,hi!,
1,hi!,
-1,,
-1,,
-1,,
-1,,
1,hi!,
1,hi!,
-1,,
1,hi!,hi!
-1,,
1,hi!,
1,hi!,
1,hi!,
1,hi!,
-1,,
-1,,
-1,,
-1,,
100,Parking Spot ID: 1, Location: hi!, Lot: hi!,Parking Spot ID: 1, Location: hi!, Lot: hi!
-1,Parking Spot ID: -1, Location: , Lot: ,
1,hi!,
1,hi!,
1,hi!,
-1,Parking Spot ID: -1, Location: , Lot: ,
-1,,
-1,Parking Spot ID: -1, Location: , Lot: ,
-1,,
-1,,
-1,,
-1,,
-1,,
-1,,
-1,Parking Spot ID: -1, Location: , Lot: ,
1,hi!,
1,hi!,
-1,,
-1,,
-1,,
-1,,
-1,,
-1,,
100,Parking Spot ID: 1, Location: hi!, Lot: hi!,Parking Spot ID: 1, Location: hi!, Lot: hi!
1,hi!,
1,hi!,
-1,,
-1,Parking Spot ID: -1, Location: , Lot: ,
-1,,
1,hi!,
1,hi!,
-1,,
1,hi!,
1,hi!,
1,hi!,hi!
-1,,
-1,,
-1,,
-1,,
-1,,
32,Parking Spot ID: -1, Location: , Lot: ,
1,hi!,
-1,,
1,hi!,
1,hi!,
1,hi!,hi!
-1,,
1,hi!,
1,hi!,
-1,,
-1,,
1,hi!,
1,hi!,
-1,Parking Spot ID: -1, Location: , Lot: ,
1,hi!,
-1,,
1,hi!,
1,hi!,
-1,,
-1,Parking Spot ID: -1, Location: , Lot: ,
1,hi!,
1,hi!,
-1,,
-1,,
-1,,
-1,,
100,Parking Spot ID: 1, Location: hi!, Lot: hi!,Parking Spot ID: 1, Location: hi!, Lot: hi!
1,hi!,
1,hi!,
-1,,
-1,,
-1,,
-1,,
1,hi!,
-1,,
-1,,
1,hi!,
-1,,
-1,,
-1,,
-1,,
1,hi!,
1,hi!,
-1,,
1,hi!,
-1,,
1,hi!,
1,hi!,
-1,,
1,hi!,
-1,,
1,hi!,
1,hi!,
-1,,
-1,,
1,hi!,
1,hi!,
-1,,
1,hi!,
-1,,
1,hi!,
1,hi!,
1,hi!,
1,hi!,
-1,,
1,hi!,hi!
1,hi!,
1,hi!,
-1,Parking Spot ID: -1, Location: , Lot: ,
1,hi!,
1,hi!,
1,hi!,
-1,,
-1,,
-1,,
-1,,
0,,Parking Spot ID: 1, Location: hi!, Lot: , Covered Parking
0,Parking Spot ID: -1, Location: , Lot: , Covered Parking, EV Charging Available, Covered Parking,Parking Spot ID: 1, Location: hi!, Lot: , Covered Parking, EV Charging Available
-1,,
-1,,
-1,,
-1,,
-1,,
-1,,
1,hi!,
1,hi!,
1,hi!,
1,hi!,
32,Parking Spot ID: 1, Location: hi!, Lot: , Covered Parking, Covered Parking, Covered Parking,Parking Spot ID: 1, Location: hi!, Lot: hi!, Handicap Accessible
-1,,
-1,,
-1,,
1,hi!,
0,,Parking Spot ID: 1, Location: hi!, Lot: , Covered Parking
1,hi!,
-1,,
-1,,
-1,,
1,hi!,
-1,,
1,hi!,
1,hi!,
-1,,
-1,,
-1,,
-1,,
100,Parking Spot ID: -1, Location: , Lot: , Covered Parking, EV Charging Available,Parking Spot ID: 32, Location: Parking Spot ID: -1, Location: , Lot: , Lot: , EV Charging Available, EV Charging Available, Covered Parking
100,Parking Spot ID: -1, Location: , Lot: , Covered Parking, EV Charging Available,Parking Spot ID: 32, Location: Parking Spot ID: -1, Location: , Lot: , Lot: , EV Charging Available, EV Charging Available, Covered Parking
1,hi!,
-1,,
-1,,
-1,,
-1,,
0,Parking Spot ID: -1, Location: , Lot: , Covered Parking, EV Charging Available, Covered Parking,Parking Spot ID: 1, Location: hi!, Lot: , EV Charging Available, Handicap Accessible
1,hi!,
-1,,
-1,,
-1,,
1,hi!,
1,hi!,
1,hi!,
1,hi!,
-1,,
1,hi!,
-1,,
1,hi!,
1,hi!,
-1,,
-1,,
1,hi!,
-1,,
-1,,
0,,Parking Spot ID: 1, Location: hi!, Lot: , Covered Parking
-1,,
1,hi!,
-1,,
-1,,
-1,,
-1,,
32,Parking Spot ID: -1, Location: , Lot: ,
32,Parking Spot ID: -1, Location: , Lot: ,
-1,,
-1,,
-1,,
-1,,
-1,,
-1,,
-1,,
-1,,
-1,,
1,hi!,
-1,,
1,hi!,
1,hi!,
-1,,
-1,,
-1,,
-1,,
1,hi!,
-1,,
1,hi!,
1,hi!,
-1,,
-1,,
-1,,
-1,,
1,hi!,
-1,,
-1,,
-1,,
1,hi!,
-1,Parking Spot ID: -1, Location: , Lot: ,
1,hi!,
1,hi!,
1,hi!,hi!
-1,,
-1,,
-1,,
-1,,
-1,,
1,hi!,
1,hi!,
-1,,
1,hi!,hi!
1,hi!,
1,hi!,
-1,,
1,hi!,
-1,,
1,hi!,
1,hi!,
1,hi!,
1,hi!,
1,hi!,
-1,,
-1,,
-1,,
-1,,
-1,,
0,Parking Spot ID: 1, Location: hi!, Lot: hi!,Parking Spot ID: 1, Location: hi!, Lot: 
-1,Parking Spot ID: -1, Location: , Lot: ,
-1,,
32,Parking Spot ID: -1, Location: , Lot: ,
-1,,
-1,,
-1,,
-1,,
-1,,
1,hi!,
-1,,
1,hi!,
1,hi!,
-1,,
-1,,
-1,,
1,hi!,
1,hi!,
1,hi!,
-1,,
1,hi!,
1,hi!,
1,hi!,
1,hi!,
-1,,
1,hi!,hi!
-1,Parking Spot ID: -1, Location: , Lot: ,
1,hi!,
1,hi!,
1,hi!,
1,hi!,
1,hi!,
1,hi!,
-1,Parking Spot ID: -1, Location: , Lot: ,
1,hi!,
1,hi!,
-1,,
-1,,
-1,,
-1,,
-1,,
-1,,
-1,,
-1,,
-1,,
1,hi!,
-1,,
-1,,
1,hi!,
1,hi!,
-1,,
1,hi!,hi!
1,hi!,
1,hi!,
-1,,
-1,,
-1,,
1,hi!,
1,hi!,
-1,,
1,hi!,
1,hi!,
1,hi!,
-1,,
-1,,
-1,,
-1,,
-1,,
1,hi!,
1,hi!,
0,Parking Spot ID: -1, Location: , Lot: , Handicap Accessible,Parking Spot ID: 1, Location: hi!, Lot: , EV Charging Available, Handicap Accessible
1,hi!,
-1,,
-1,,
-1,,
0,,Parking Spot ID: 1, Location: hi!, Lot: , Covered Parking
0,Parking Spot ID: -1, Location: , Lot: , Covered Parking, EV Charging Available, Covered Parking,Parking Spot ID: 1, Location: hi!, Lot: , Covered Parking, EV Charging Available
1,hi!,
-1,,
1,hi!,
1,hi!,
1,hi!,
-1,Parking Spot ID: -1, Location: , Lot: ,
1,hi!,
1,hi!,
-1,,
-1,,
32,Parking Spot ID: -1, Location: , Lot: ,
32,Parking Spot ID: -1, Location: , Lot: ,
-1,,
-1,,
-1,,
-1,,
100,Parking Spot ID: 1, Location: hi!, Lot: hi!,Parking Spot ID: 1, Location: hi!, Lot: hi!
1,hi!,
1,hi!,
1,hi!,
1,hi!,
-1,,
1,hi!,hi!
1,hi!,
-1,,
-1,,
-1,,
0,,Parking Spot ID: 1, Location: hi!, Lot: , Covered Parking
-1,,
0,,Parking Spot ID: 1, Location: hi!, Lot: , Covered Parking
10,Parking Spot ID: 1, Location: hi!, Lot: , EV Charging Available, Handicap Accessible,Parking Spot ID: 1, Location: hi!, Lot: , Handicap Accessible
-1,,
-1,,
32,Parking Spot ID: -1, Location: , Lot: ,
-1,,
-1,,
1,hi!,
-1,Parking Spot ID: -1, Location: , Lot: ,
1,hi!,
-1,,
-1,,
-1,,
1,hi!,hi!
1,hi!,
-1,,
1,hi!,
1,hi!,
-1,,
-1,,
-1,Parking Spot ID: -1, Location: , Lot: ,
1,hi!,
1,hi!,
1,hi!,
1,hi!,
-1,,
-1,,
-1,,
-1,,
-1,,
-1,,
-1,,
1,hi!,hi!
1,hi!,
-1,,
1,hi!,
1,hi!,
-1,,
-1,,
10,Parking Spot ID: -1, Location: , Lot: ,Parking Spot ID: -1, Location: , Lot: , Covered Parking, EV Charging Available, Covered Parking
-1,,
1,hi!,
1,hi!,
-1,,
1,hi!,
-1,,
1,hi!,
1,hi!,
-1,,
-1,,
-1,,
-1,,
100,Parking Spot ID: 1, Location: hi!, Lot: hi!,Parking Spot ID: 1, Location: hi!, Lot: hi!
-1,Parking Spot ID: -1, Location: , Lot: ,
1,hi!,
1,hi!,
-1,,
-1,,
1,hi!,
1,hi!,
0,,Parking Spot ID: 1, Location: hi!, Lot: , Covered Parking
-1,,
-1,,
-1,,
-1,,
32,Parking Spot ID: -1, Location: , Lot: ,
1,hi!,
1,hi!,
-1,,
1,hi!,
1,hi!,
-1,,
-1,Parking Spot ID: -1, Location: , Lot: ,
1,hi!,
-1,Parking Spot ID: -1, Location: , Lot: ,
1,hi!,
1,hi!,
1,hi!,
1,hi!,
-1,,
-1,,
1,hi!,
-1,,
1,hi!,
-1,,
-1,,
-1,,
-1,,
1,hi!,
-1,,
1,hi!,
1,hi!,
1,hi!,
1,hi!,
-1,,
-1,,
-1,,
1,hi!,
1,hi!,
-1,,
-1,,
1,hi!,
1,hi!,
-1,,
1,hi!,hi!
1,hi!,
1,hi!,
1,hi!,
-1,,
-1,,
-1,,
1,hi!,
1,hi!,
-1,,
-1,,
-1,,
-1,,
-1,,
-1,Parking Spot ID: -1, Location: , Lot: ,
1,hi!,
1,hi!,
-1,,
-1,,
1,hi!,
1,hi!,
1,hi!,
1,hi!,
-1,,
-1,,
0,,Parking Spot ID: 1, Location: hi!, Lot: , Covered Parking
-1,,
-1,,
-1,,
-1,,
1,hi!,hi!
1,hi!,
-1,,
-1,,
-1,,
-1,,
-1,,
-1,,
-1,,
-1,,
1,hi!,
1,hi!,
0,,Parking Spot ID: 1, Location: hi!, Lot: , Covered Parking
-1,,
-1,,
-1,,
-1,,
1,hi!,
1,hi!,
1,hi!,
1,hi!,
-1,,
1,hi!,
1,hi!,
1,hi!,hi!
1,hi!,
1,hi!,
-1,,
-1,,
-1,Parking Spot ID: -1, Location: , Lot: ,
1,hi!,
1,hi!,
-1,,
-1,,
-1,,
-1,,
-1,,
-1,,
-1,,
-1,,
-1,,
-1,,
0,,Parking Spot ID: 1, Location: hi!, Lot: , Covered Parking
-1,,
-1,,
-1,,
1,hi!,
1,hi!,
1,hi!,
1,hi!,
-1,,
-1,,
-1,Parking Spot ID: -1, Location: , Lot: ,
1,hi!,
1,hi!,
-1,,
-1,,
-1,,
-1,,
-1,,
-1,,
-1,,
-1,,
-1,,
-1,,
-1,,
-1,,
-1,,
1,hi!,
1,hi!,
-1,,
1,hi!,
1,hi!,
1,hi!,
-1,,
-1,,
-1,,
-1,,
-1,,
1,hi!,
1,hi!,
-1,,
-1,,
-1,,
32,Parking Spot ID: -1, Location: , Lot: ,
32,Parking Spot ID: -1, Location: , Lot: ,
1,hi!,
1,hi!,
-1,,
-1,,
0,,Parking Spot ID: 1, Location: hi!, Lot: , Covered Parking
-1,,
-1,,
-1,,
-1,,
0,,Parking Spot ID: 1, Location: hi!, Lot: , Covered Parking
-1,,
0,,Parking Spot ID: 1, Location: hi!, Lot: , Covered Parking
1,hi!,hi!
-1,,
1,hi!,
-1,,
1,hi!,hi!
-1,,
-1,,
-1,,
-1,,
1,hi!,
-1,,
-1,,
-1,,
-1,,
-1,,
-1,,
-1,,
1,hi!,hi!
1,hi!,
-1,,
1,hi!,
1,hi!,
-1,,
-1,,
1,hi!,
-1,,
1,hi!,
1,hi!,
-1,,
-1,,
-1,,
-1,,
-1,,
1,hi!,
-1,,
1,hi!,
1,hi!,
1,hi!,hi!
-1,,
-1,,
-1,,
-1,,
32,Parking Spot ID: -1, Location: , Lot: ,
-1,,
-1,,
1,hi!,
-1,,
1,hi!,
1,hi!,
-1,,
1,hi!,
32,Parking Spot ID: -1, Location: , Lot: ,
1,hi!,
-1,,
1,hi!,
1,hi!,
-1,,
-1,,
-1,,
-1,,
1,hi!,
-1,,
-1,,
-1,,
1,hi!,
1,hi!,
-1,,
-1,,
100,Parking Spot ID: -1, Location: , Lot: , Covered Parking, Handicap Accessible, Handicap Accessible,Parking Spot ID: -1, Location: , Lot: , Covered Parking, Covered Parking
-1,,
-1,,
0,,Parking Spot ID: 1, Location: hi!, Lot: , Covered Parking
-1,,
-1,,
1,hi!,
-1,,
-1,,
1,hi!,
0,,Parking Spot ID: 1, Location: hi!, Lot: , Covered Parking
1,hi!,
1,hi!,
1,hi!,
1,hi!,
-1,,
-1,,
0,Parking Spot ID: 1, Location: hi!, Lot: hi!, Handicap Accessible, Handicap Accessible,Parking Spot ID: -1, Location: , Lot: , Covered Parking, Handicap Accessible, Covered Parking, Covered Parking, EV Charging Available
1,hi!,
1,hi!,
1,hi!,
-1,,
1,hi!,hi!
1,hi!,
1,hi!,
-1,,
-1,,
-1,,
-1,,
-1,,
-1,,
-1,Parking Spot ID: -1, Location: , Lot: ,
1,hi!,
1,hi!,
-1,,
-1,Parking Spot ID: -1, Location: , Lot: ,
1,hi!,
1,hi!,
1,hi!,
1,hi!,
-1,,
-1,,
-1,,
-1,,
-1,,
32,Parking Spot ID: -1, Location: , Lot: ,
-1,,
1,hi!,
-1,,
1,hi!,
1,hi!,
-1,,
-1,,
-1,,
-1,,
-1,,
-1,,
-1,,
-1,,
1,hi!,
-1,,
-1,,
-1,,
1,hi!,hi!
1,hi!,
-1,,
1,hi!,
1,hi!,
-1,,
-1,,
-1,,
-1,,
-1,,
0,,Parking Spot ID: 1, Location: hi!, Lot: , Covered Parking
0,Parking Spot ID: -1, Location: , Lot: , Covered Parking, EV Charging Available, Covered Parking,Parking Spot ID: 1, Location: hi!, Lot: , Covered Parking, EV Charging Available
1,hi!,
-1,,
1,hi!,
1,hi!,
1,hi!,
-1,,
-1,,
-1,,
-1,,
-1,,
-1,,
1,hi!,hi!
1,hi!,
-1,,
1,hi!,
1,hi!,
-1,,
-1,,
-1,,
-1,,
-1,,
-1,Parking Spot ID: -1, Location: , Lot: ,
1,hi!,
-1,,
1,hi!,
-1,,
-1,,
-1,,
-1,,
100,Parking Spot ID: 1, Location: hi!, Lot: hi!,Parking Spot ID: 1, Location: hi!, Lot: hi!
1,hi!,
10,Parking Spot ID: -1, Location: , Lot: , Covered Parking, Handicap Accessible,Parking Spot ID: 1, Location: hi!, Lot: , Covered Parking
-1,,
-1,,
-1,Parking Spot ID: -1, Location: , Lot: ,
1,hi!,
1,hi!,
1,hi!,
0,Parking Spot ID: 1, Location: hi!, Lot: , Covered Parking, EV Charging Available,Parking Spot ID: -1, Location: , Lot: , Covered Parking, Covered Parking
-1,,
-1,,
1,hi!,
1,hi!,
-1,,
1,hi!,
1,hi!,
-1,,
-1,,
-1,,
-1,,
-1,,
-1,,
100,Parking Spot ID: 1, Location: hi!, Lot: hi!,Parking Spot ID: 1, Location: hi!, Lot: hi!
1,hi!,
10,Parking Spot ID: -1, Location: , Lot: , Covered Parking, Handicap Accessible,Parking Spot ID: 1, Location: hi!, Lot: , Covered Parking
-1,Parking Spot ID: -1, Location: , Lot: ,
1,hi!,
1,hi!,
1,hi!,
0,,Parking Spot ID: 1, Location: hi!, Lot: , Covered Parking
0,,Parking Spot ID: 1, Location: hi!, Lot: , Covered Parking
-1,,
1,hi!,
1,hi!,
-1,,
-1,,
32,Parking Spot ID: -1, Location: , Lot: ,
-1,,
1,hi!,
-1,,
-1,,
1,hi!,
-1,,
1,hi!,
1,hi!,
1,hi!,
-1,,
-1,,
-1,,
-1,,
-1,,
-1,,
-1,,
-1,,
-1,,
-1,,
-1,,
-1,,
-1,,
-1,,
-1,,
-1,,
-1,,
1,hi!,
1,hi!,
-1,,
1,hi!,
1,hi!,
-1,,
-1,,
-1,,
-1,,
-1,,
-1,,
-1,Parking Spot ID: -1, Location: , Lot: ,
1,hi!,
1,hi!,
1,hi!,
-1,,
1,hi!,
1,hi!,
1,hi!,
-1,,
-1,,
-1,,
-1,Parking Spot ID: -1, Location: , Lot: ,
1,hi!,
1,hi!,
1,hi!,
0,,Parking Spot ID: 1, Location: hi!, Lot: , Covered Parking
1,hi!,
-1,,
-1,,
-1,,
-1,,
32,Parking Spot ID: -1, Location: , Lot: ,
32,Parking Spot ID: -1, Location: , Lot: ,
1,hi!,
1,hi!,
-1,,
-1,,
-1,,
-1,,
1,hi!,
1,hi!,
-1,,
1,hi!,
1,hi!,
1,hi!,hi!
-1,,
-1,,
-1,,
-1,,
-1,,
-1,,
-1,,
-1,,
-1,,
-1,,
-1,,
1,hi!,
-1,,
-1,,
32,Parking Spot ID: -1, Location: , Lot: ,
-1,,
-1,,
-1,,
-1,,
1,hi!,
1,hi!,
-1,,
-1,,
-1,,
1,hi!,hi!
-1,,
-1,,
-1,,
-1,,
-1,,
-1,,
-1,,
100,Parking Spot ID: 1, Location: hi!, Lot: hi!,Parking Spot ID: 1, Location: hi!, Lot: hi!
1,hi!,
10,Parking Spot ID: -1, Location: , Lot: , Covered Parking, Handicap Accessible,Parking Spot ID: 1, Location: hi!, Lot: , Covered Parking
-1,Parking Spot ID: -1, Location: , Lot: ,
1,hi!,
1,hi!,
-1,Parking Spot ID: -1, Location: , Lot: ,
1,hi!,
1,hi!,
1,hi!,
0,Parking Spot ID: 1, Location: hi!, Lot: , Covered Parking, EV Charging Available,Parking Spot ID: -1, Location: , Lot: , Covered Parking, Covered Parking
-1,,
-1,,
-1,,
-1,Parking Spot ID: -1, Location: , Lot: ,
1,hi!,
1,hi!,
-1,Parking Spot ID: -1, Location: , Lot: ,
1,hi!,
1,hi!,
-1,,
-1,,
-1,,
-1,,
-1,,
-1,,
-1,,
-1,,
-1,,
-1,,
-1,,
100,Parking Spot ID: 1, Location: hi!, Lot: hi!,Parking Spot ID: 1, Location: hi!, Lot: hi!
1,hi!,
1,hi!,
1,hi!,
-1,,
-1,,
-1,,
32,Parking Spot ID: -1, Location: , Lot: ,
32,Parking Spot ID: -1, Location: , Lot: ,
-1,,
-1,,
1,hi!,
-1,,
-1,Parking Spot ID: -1, Location: , Lot: ,
1,hi!,
-1,,
-1,,
-1,,
-1,,
-1,,
-1,,
-1,,
-1,Parking Spot ID: -1, Location: , Lot: ,
1,hi!,
1,hi!,
-1,,
-1,,
-1,Parking Spot ID: -1, Location: , Lot: ,
-1,,
-1,,
-1,Parking Spot ID: -1, Location: , Lot: ,
1,hi!,
1,hi!,
-1,,
-1,,
1,hi!,
-1,,
-1,,
-1,,
-1,,
-1,,
1,hi!,
-1,,
1,hi!,
1,hi!,
1,hi!,hi!
-1,,
-1,,
-1,Parking Spot ID: -1, Location: , Lot: ,
1,hi!,
1,hi!,
1,hi!,
1,hi!,
-1,,
1,hi!,
-1,Parking Spot ID: -1, Location: , Lot: ,
1,hi!,
1,hi!,
1,hi!,
1,hi!,
-1,,
-1,,
0,,Parking Spot ID: 1, Location: hi!, Lot: , Covered Parking
-1,,
1,hi!,hi!
-1,,
-1,,
-1,,
-1,,
100,Parking Spot ID: 1, Location: hi!, Lot: hi!,Parking Spot ID: 1, Location: hi!, Lot: hi!
1,hi!,
1,hi!,
-1,,
-1,,
-1,Parking Spot ID: 1, Location: hi!, Lot: , EV Charging Available, Handicap Accessible,Parking Spot ID: 1, Location: hi!, Lot: 
-1,,
1,hi!,
-1,,
1,hi!,hi!
-1,Parking Spot ID: -1, Location: , Lot: ,
1,hi!,
1,hi!,
-1,,
-1,,
-1,,
-1,,
-1,,
-1,,
-1,,
32,Parking Spot ID: -1, Location: , Lot: ,
-1,,
-1,,
-1,,
1,hi!,
1,hi!,
1,hi!,
1,hi!,
1,hi!,hi!
1,hi!,
-1,,
1,hi!,
1,hi!,
1,hi!,hi!
-1,,
-1,,
-1,,
-1,,
-1,,
-1,,
-1,,
-1,,
100,Parking Spot ID: -1, Location: , Lot: , Covered Parking, EV Charging Available,Parking Spot ID: 32, Location: Parking Spot ID: -1, Location: , Lot: , Lot: , EV Charging Available, EV Charging Available, Covered Parking
-1,,
-1,,
-1,,
-1,,
100,Parking Spot ID: 1, Location: hi!, Lot: hi!,Parking Spot ID: 1, Location: hi!, Lot: hi!
1,hi!,
1,hi!,
1,hi!,
1,hi!,
0,,Parking Spot ID: 1, Location: hi!, Lot: , Covered Parking
-1,Parking Spot ID: -1, Location: , Lot: ,
1,hi!,
1,hi!,
-1,,
-1,,
-1,,
-1,,
1,hi!,
1,hi!,
-1,,
-1,,
-1,,
-1,,
-1,,
-1,Parking Spot ID: -1, Location: , Lot: ,
1,hi!,
1,hi!,
-1,,
-1,,
-1,,
-1,,
-1,,
32,Parking Spot ID: -1, Location: , Lot: ,
-1,,
1,hi!,
-1,,
1,hi!,hi!
1,hi!,
1,hi!,
-1,Parking Spot ID: -1, Location: , Lot: ,
1,hi!,
1,hi!,
1,hi!,
0,Parking Spot ID: 1, Location: hi!, Lot: , Covered Parking, EV Charging Available,Parking Spot ID: -1, Location: , Lot: , Covered Parking, Covered Parking
10,Parking Spot ID: -1, Location: , Lot: ,Parking Spot ID: -1, Location: , Lot: , Covered Parking, EV Charging Available, Covered Parking
1,hi!,
-1,,
1,hi!,hi!
1,hi!,
1,hi!,
-1,Parking Spot ID: -1, Location: , Lot: ,
-1,,
1,hi!,
1,hi!,
1,hi!,hi!
-1,,
-1,,
0,,Parking Spot ID: 1, Location: hi!, Lot: , Covered Parking
-1,,
0,,Parking Spot ID: 1, Location: hi!, Lot: , Covered Parking
10,Parking Spot ID: 1, Location: hi!, Lot: , EV Charging Available, Handicap Accessible,Parking Spot ID: 1, Location: hi!, Lot: , Handicap Accessible
1,hi!,
-1,,
1,hi!,
1,hi!,
-1,,
-1,,
-1,,
-1,,
-1,,
0,Parking Spot ID: 1, Location: hi!, Lot: hi!,Parking Spot ID: 1, Location: hi!, Lot: 
-1,,
-1,,
-1,,
-1,,
1,hi!,
1,hi!,
-1,,
-1,,
-1,,
-1,,
-1,,
0,,Parking Spot ID: 1, Location: hi!, Lot: , Covered Parking
-1,,
-1,Parking Spot ID: -1, Location: , Lot: ,
1,hi!,
1,hi!,
1,hi!,
-1,Parking Spot ID: -1, Location: , Lot: ,
1,hi!,
1,hi!,
-1,,
1,hi!,
-1,,
-1,,
-1,,
-1,,
-1,,
1,hi!,
-1,,
1,hi!,
1,hi!,
1,hi!,hi!
-1,,
1,hi!,
-1,,
-1,,
-1,,
1,hi!,
1,hi!,
-1,,
-1,,
-1,,
1,hi!,hi!
1,hi!,
-1,,
1,hi!,hi!
1,hi!,
-1,,
1,hi!,
1,hi!,
-1,,
1,hi!,
1,hi!,
-1,,
1,hi!,
1,hi!,
-1,,
-1,,
-1,,
-1,,
1,hi!,
1,hi!,
1,hi!,
1,hi!,
32,Parking Spot ID: 1, Location: hi!, Lot: , Covered Parking, Covered Parking, Covered Parking,Parking Spot ID: 1, Location: hi!, Lot: hi!, Handicap Accessible
-1,,
-1,,
-1,,
-1,,
-1,,
-1,,
-1,,
100,Parking Spot ID: 1, Location: hi!, Lot: hi!,Parking Spot ID: 1, Location: hi!, Lot: hi!
1,hi!,
-1,,
1,hi!,
1,hi!,
1,hi!,
-1,,
-1,,
-1,Parking Spot ID: -1, Location: , Lot: ,
1,hi!,
1,hi!,
-1,,
-1,,
1,hi!,
1,hi!,
0,,Parking Spot ID: 1, Location: hi!, Lot: , Covered Parking
1,hi!,
1,hi!,
1,hi!,
-1,,
-1,,
-1,Parking Spot ID: 1, Location: hi!, Lot: , EV Charging Available, Handicap Accessible,Parking Spot ID: 1, Location: hi!, Lot: 
-1,,
1,hi!,hi!
-1,,
-1,,
-1,,
32,Parking Spot ID: -1, Location: , Lot: ,
-1,,
-1,,
-1,Parking Spot ID: -1, Location: , Lot: ,
-1,,
1,hi!,
1,hi!,
-1,,
-1,,
-1,,
1,hi!,
1,hi!,
1,hi!,
32,Parking Spot ID: 52, Location: Parking Spot ID: 0, Location: Parking Spot ID: -1, Location: , Lot: , Covered Parking, EV Charging Available, Covered Parking, Lot: Parking Spot ID: 1, Location: hi!, Lot: , EV Charging Available, Handicap Accessible, Lot: Parking Spot ID: 100, Location: Parking Spot ID: -1, Location: , Lot: , Covered Parking, Handicap Accessible, Handicap Accessible, Lot: Parking Spot ID: -1, Location: , Lot: , Covered Parking, Covered Parking, EV Charging Available, EV Charging Available,Parking Spot ID: 0, Location: , Lot: Parking Spot ID: 1, Location: hi!, Lot: , Covered Parking, Handicap Accessible
-1,,
-1,,
-1,,
-1,,
-1,,
100,Parking Spot ID: 1, Location: hi!, Lot: hi!,Parking Spot ID: 1, Location: hi!, Lot: hi!
1,hi!,
10,Parking Spot ID: -1, Location: , Lot: , Covered Parking, Handicap Accessible,Parking Spot ID: 1, Location: hi!, Lot: , Covered Parking
1,hi!,
1,hi!,
-1,,
-1,,
-1,,
1,hi!,
1,hi!,
-1,,
1,hi!,
1,hi!,
-1,,
-1,,
-1,,
1,hi!,
1,hi!,
1,hi!,
1,hi!,
-1,,
-1,,
-1,,
-1,,
32,Parking Spot ID: -1, Location: , Lot: ,
32,Parking Spot ID: -1, Location: , Lot: ,
1,hi!,
1,hi!,
-1,,
-1,,
-1,,
0,,Parking Spot ID: 1, Location: hi!, Lot: , Covered Parking
-1,,
0,,Parking Spot ID: 1, Location: hi!, Lot: , Covered Parking
10,Parking Spot ID: 1, Location: hi!, Lot: , EV Charging Available, Handicap Accessible,Parking Spot ID: 1, Location: hi!, Lot: , Handicap Accessible
-1,,
-1,,
-1,,
-1,,
100,Parking Spot ID: 1, Location: hi!, Lot: hi!,Parking Spot ID: 1, Location: hi!, Lot: hi!
1,hi!,
1,hi!,
-1,,
-1,,
-1,,
1,hi!,
1,hi!,
1,hi!,
1,hi!,
32,Parking Spot ID: 1, Location: hi!, Lot: , Covered Parking, Covered Parking, Covered Parking,Parking Spot ID: 1, Location: hi!, Lot: hi!, Handicap Accessible
-1,,
-1,,
-1,,
0,,Parking Spot ID: 1, Location: hi!, Lot: , Covered Parking
-1,,
-1,,
-1,,
1,hi!,
1,hi!,
1,hi!,
-1,,
-1,,
1,hi!,
-1,,
-1,,
32,Parking Spot ID: -1, Location: , Lot: ,
1,hi!,
-1,,
-1,,
-1,,
-1,,
1,hi!,
-1,,
1,hi!,
1,hi!,
1,hi!,
1,hi!,
-1,,
1,hi!,hi!
1,hi!,
1,hi!,
-1,,
-1,,
-1,,
-1,,
-1,,
100,Parking Spot ID: 1, Location: hi!, Lot: hi!,Parking Spot ID: 1, Location: hi!, Lot: hi!
1,hi!,
1,hi!,
1,hi!,
-1,,
1,hi!,
1,hi!,
1,hi!,
1,hi!,
-1,,
-1,,
-1,,
1,hi!,hi!
1,hi!,
1,hi!,
-1,,
1,hi!,
1,hi!,
1,hi!,
-1,,
-1,,
-1,,
1,hi!,
-1,,
-1,,
1,hi!,
1,hi!,
0,,Parking Spot ID: 1, Location: hi!, Lot: , Covered Parking
-1,,
-1,,
-1,,
-1,,
100,Parking Spot ID: 1, Location: hi!, Lot: hi!,Parking Spot ID: 1, Location: hi!, Lot: hi!
-1,Parking Spot ID: -1, Location: , Lot: ,
1,hi!,
1,hi!,
-1,,
-1,,
-1,,
-1,,
-1,,
-1,,
1,hi!,
-1,,
1,hi!,
1,hi!,
-1,,
1,hi!,
1,hi!,
1,hi!,hi!
-1,,
1,hi!,
-1,,
1,hi!,hi!
-1,Parking Spot ID: -1, Location: , Lot: ,
1,hi!,
1,hi!,
0,,Parking Spot ID: 1, Location: hi!, Lot: , Covered Parking
1,hi!,hi!
-1,Parking Spot ID: -1, Location: , Lot: ,
1,hi!,
1,hi!,
-1,,
1,hi!,
-1,,
1,hi!,
1,hi!,
1,hi!,hi!
-1,,
1,hi!,
1,hi!,
-1,,
1,hi!,hi!
-1,,
-1,,
-1,,
-1,,
-1,,
-1,,
-1,,
-1,,
-1,,
100,Parking Spot ID: 1, Location: hi!, Lot: hi!,Parking Spot ID: 1, Location: hi!, Lot: hi!
1,hi!,
10,Parking Spot ID: -1, Location: , Lot: , Covered Parking, Handicap Accessible,Parking Spot ID: 1, Location: hi!, Lot: , Covered Parking
-1,Parking Spot ID: -1, Location: , Lot: ,
1,hi!,
1,hi!,
-1,Parking Spot ID: -1, Location: , Lot: ,
-1,,
-1,,
-1,,
-1,,
-1,,
-1,,
1,hi!,
-1,,
1,hi!,
1,hi!,
1,hi!,hi!
1,hi!,
-1,,
-1,,
-1,,
1,hi!,
1,hi!,
-1,,
-1,Parking Spot ID: -1, Location: , Lot: ,
1,hi!,
-1,,
1,hi!,
-1,,
1,hi!,
-1,,
-1,,
1,hi!,
-1,,
1,hi!,
1,hi!,
1,hi!,hi!
-1,,
-1,,
-1,,
-1,,
100,Parking Spot ID: 1, Location: hi!, Lot: hi!,Parking Spot ID: 1, Location: hi!, Lot: hi!
-1,,
-1,,
-1,,
-1,,
1,hi!,
-1,Parking Spot ID: -1, Location: , Lot: ,
1,hi!,
1,hi!,
-1,,
1,hi!,
1,hi!,
-1,,
1,hi!,
1,hi!,
-1,,
1,hi!,
-1,,
1,hi!,
-1,,
1,hi!,
-1,,
-1,,
-1,,
0,,Parking Spot ID: 1, Location: hi!, Lot: , Covered Parking
0,Parking Spot ID: -1, Location: , Lot: , Covered Parking, EV Charging Available, Covered Parking,Parking Spot ID: 1, Location: hi!, Lot: , Covered Parking, EV Charging Available
1,hi!,
-1,,
1,hi!,
1,hi!,
1,hi!,
-1,,
-1,,
-1,,
1,hi!,
1,hi!,
-1,,
-1,,
-1,,
-1,,
100,Parking Spot ID: 1, Location: hi!, Lot: hi!,Parking Spot ID: 1, Location: hi!, Lot: hi!
-1,Parking Spot ID: -1, Location: , Lot: ,
1,hi!,
1,hi!,
-1,,
1,hi!,
-1,,
1,hi!,
1,hi!,
1,hi!,hi!
1,hi!,
1,hi!,
-1,,
-1,,
-1,Parking Spot ID: -1, Location: , Lot: ,
1,hi!,
-1,,
-1,,
0,,Parking Spot ID: 1, Location: hi!, Lot: , Covered Parking
-1,,
-1,,
-1,,
1,hi!,
1,hi!,
1,hi!,
-1,,
1,hi!,
-1,,
1,hi!,
1,hi!,
-1,,
-1,,
1,hi!,
-1,,
1,hi!,
1,hi!,
-1,,
1,hi!,
1,hi!,
1,hi!,
-1,,
-1,,
-1,,
-1,,
-1,,
-1,,
-1,,
-1,,
-1,,
-1,,
-1,,
1,,
-1,,
-1,,
-1,,
1,hi!,
1,hi!,
1,hi!,
1,hi!,
32,Parking Spot ID: 1, Location: hi!, Lot: , Covered Parking, Covered Parking, Covered Parking,Parking Spot ID: 1, Location: hi!, Lot: hi!, Handicap Accessible
-1,,
1,hi!,
1,hi!,
0,,Parking Spot ID: 1, Location: hi!, Lot: , Covered Parking
1,hi!,
1,hi!,
1,hi!,
1,hi!,
1,hi!,
1,hi!,
1,hi!,
1,hi!,
-1,,
1,hi!,hi!
-1,,
-1,,
1,hi!,
1,hi!,
-1,,
1,hi!,
1,hi!,
-1,Parking Spot ID: -1, Location: , Lot: ,
10,Parking Spot ID: 32, Location: Parking Spot ID: -1, Location: , Lot: , Lot: , Covered Parking, EV Charging Available,Parking Spot ID: -1, Location: , Lot: , Covered Parking, Handicap Accessible, Handicap Accessible
-1,,
-1,,
-1,,
0,,Parking Spot ID: 1, Location: hi!, Lot: , Covered Parking
0,Parking Spot ID: -1, Location: , Lot: , Covered Parking, EV Charging Available, Covered Parking,Parking Spot ID: 1, Location: hi!, Lot: , Covered Parking, EV Charging Available
1,hi!,
-1,,
1,hi!,
1,hi!,
1,hi!,
-1,,
-1,,
-1,,
1,hi!,
1,hi!,
-1,,
1,hi!,
1,hi!,
1,hi!,
1,hi!,
-1,,
-1,,
-1,,
-1,,
1,hi!,hi!
-1,,
-1,,
-1,,
1,hi!,
-1,,
-1,,
-1,,
-1,Parking Spot ID: -1, Location: , Lot: ,
1,hi!,
1,hi!,
1,hi!,hi!
-1,,
1,hi!,
-1,,
1,hi!,
1,hi!,
1,hi!,
1,hi!,
-1,,
1,hi!,
1,hi!,
-1,,
1,hi!,
1,hi!,
1,hi!,hi!
-1,,
-1,,
-1,,
-1,,
1,hi!,
1,hi!,
1,hi!,
-1,,
-1,,
-1,,
-1,,
-1,,
1,hi!,
-1,,
1,hi!,
1,hi!,
1,hi!,
1,hi!,
-1,,
1,hi!,
1,hi!,
-1,,
-1,,
-1,,
-1,,
-1,,
100,Parking Spot ID: 1, Location: hi!, Lot: hi!,Parking Spot ID: 1, Location: hi!, Lot: hi!
1,hi!,
1,hi!,
-1,,
1,hi!,
-1,,
-1,,
-1,,
1,hi!,
1,hi!,
-1,,
-1,,
-1,,
1,hi!,hi!
1,hi!,hi!
-1,,
-1,,
-1,,
1,hi!,
-1,,
1,hi!,
1,hi!,
1,hi!,hi!
-1,,
-1,,
-1,,
-1,,
1,hi!,
1,hi!,
1,hi!,
-1,,
-1,,
1,hi!,
-1,,
-1,,
-1,,
-1,,
-1,,
1,hi!,
-1,,
1,hi!,
1,hi!,
-1,,
-1,,
-1,Parking Spot ID: -1, Location: , Lot: ,
1,hi!,
1,hi!,
-1,,
-1,,
-1,,
-1,,
-1,,
-1,,
-1,,
1,hi!,
-1,,
1,hi!,
1,hi!,
1,hi!,
-1,,
-1,,
-1,,
-1,,
-1,,
-1,,
-1,,
0,,Parking Spot ID: 1, Location: hi!, Lot: , Covered Parking
0,Parking Spot ID: -1, Location: , Lot: , Covered Parking, EV Charging Available, Covered Parking,Parking Spot ID: 1, Location: hi!, Lot: , Covered Parking, EV Charging Available
1,hi!,
-1,,
1,hi!,
1,hi!,
1,hi!,
-1,,
-1,,
-1,,
0,,Parking Spot ID: 1, Location: hi!, Lot: , Covered Parking
-1,,
-1,,
-1,,
-1,,
-1,,
-1,,
1,hi!,
1,hi!,
-1,,
-1,,
-1,,
1,hi!,hi!
-1,,
-1,,
-1,,
-1,Parking Spot ID: 1, Location: hi!, Lot: , EV Charging Available, Handicap Accessible,Parking Spot ID: 1, Location: hi!, Lot: 
-1,,
-1,,
1,hi!,
1,hi!,
-1,,
1,hi!,
1,hi!,
-1,,
-1,,
-1,,
-1,,
-1,Parking Spot ID: -1, Location: , Lot: ,
-1,,
1,hi!,
1,hi!,
1,hi!,
-1,,
1,hi!,
1,hi!,
1,hi!,
-1,,
-1,,
-1,,
-1,,
1,hi!,
1,hi!,
-1,,
1,hi!,hi!
1,hi!,
-1,,
1,hi!,hi!
1,hi!,
1,hi!,
-1,Parking Spot ID: -1, Location: , Lot: ,
1,hi!,
1,hi!,
1,hi!,
1,hi!,
1,hi!,
-1,,
1,hi!,
1,hi!,
1,hi!,hi!
-1,,
1,hi!,
0,,Parking Spot ID: 1, Location: hi!, Lot: , Covered Parking
1,hi!,
-1,,
1,hi!,
1,hi!,
-1,,
-1,,
-1,,
-1,,
-1,,
1,hi!,
-1,,
-1,,
32,Parking Spot ID: -1, Location: , Lot: ,
-1,,
-1,,
-1,,
-1,,
-1,,
1,hi!,
1,hi!,
-1,,
1,hi!,hi!
-1,Parking Spot ID: -1, Location: , Lot: ,
1,hi!,
1,hi!,
-1,,
-1,,
-1,,
-1,,
-1,,
-1,,
-1,,
-1,Parking Spot ID: -1, Location: , Lot: ,
1,hi!,
1,hi!,
-1,,
-1,,
-1,,
-1,,
1,hi!,
-1,,
1,hi!,hi!
1,hi!,
1,hi!,
1,hi!,
1,hi!,
-1,Parking Spot ID: -1, Location: , Lot: ,
-1,,
1,hi!,
1,hi!,
-1,,
1,hi!,
1,hi!,
1,hi!,
-1,,
-1,,
-1,,
-1,,
32,Parking Spot ID: -1, Location: , Lot: ,
32,Parking Spot ID: -1, Location: , Lot: ,
1,hi!,
1,hi!,
1,hi!,
1,hi!,
-1,,
-1,,
-1,,
-1,,
-1,,
-1,,
-1,,
-1,,
-1,,
-1,,
1,hi!,
-1,,
-1,,
1,hi!,
1,hi!,
-1,,
1,hi!,
1,hi!,
-1,,
1,hi!,
-1,,
-1,,
-1,,
32,Parking Spot ID: -1, Location: , Lot: ,
32,Parking Spot ID: -1, Location: , Lot: ,
1,hi!,
1,hi!,
1,hi!,
-1,,
-1,Parking Spot ID: -1, Location: , Lot: ,
10,Parking Spot ID: 32, Location: Parking Spot ID: -1, Location: , Lot: , Lot: , Covered Parking, EV Charging Available,Parking Spot ID: -1, Location: , Lot: , Covered Parking, Handicap Accessible, Handicap Accessible
-1,Parking Spot ID: -1, Location: , Lot: ,
-1,,
-1,,
-1,,
-1,,
-1,,
-1,,
-1,,
-1,,
-1,,
-1,,
-1,,
-1,,
-1,,
-1,,
1,hi!,
1,hi!,
0,Parking Spot ID: -1, Location: , Lot: , Handicap Accessible,Parking Spot ID: 1, Location: hi!, Lot: , EV Charging Available, Handicap Accessible
-1,,
-1,,
1,hi!,
-1,,
1,hi!,
1,hi!,
1,hi!,
-1,,
-1,,
-1,,
1,hi!,
-1,Parking Spot ID: -1, Location: , Lot: ,
1,hi!,
1,hi!,
-1,,
-1,,
1,hi!,
1,hi!,
0,Parking Spot ID: -1, Location: , Lot: , Handicap Accessible,Parking Spot ID: 1, Location: hi!, Lot: , EV Charging Available, Handicap Accessible
1,hi!,
1,hi!,
1,hi!,
-1,,
1,hi!,
1,hi!,
-1,,
-1,,
-1,,
-1,,
-1,,
-1,,
100,Parking Spot ID: -1, Location: , Lot: , Covered Parking, Handicap Accessible, Handicap Accessible,Parking Spot ID: -1, Location: , Lot: , Covered Parking, Covered Parking
1,hi!,
-1,,
1,hi!,hi!
1,hi!,
1,hi!,
1,hi!,
-1,,
1,hi!,hi!
-1,Parking Spot ID: -1, Location: , Lot: ,
1,hi!,
1,hi!,
1,hi!,
1,hi!,
-1,,
-1,,
-1,,
1,hi!,
1,hi!,
-1,,
-1,,
1,hi!,
1,hi!,
-1,,
-1,,
-1,,
-1,,
-1,Parking Spot ID: -1, Location: , Lot: ,
-1,,
1,hi!,
-1,Parking Spot ID: -1, Location: , Lot: ,
1,hi!,
1,hi!,
-1,,
-1,,
0,,Parking Spot ID: 1, Location: hi!, Lot: , Covered Parking
-1,,
0,,Parking Spot ID: 1, Location: hi!, Lot: , Covered Parking
0,Parking Spot ID: 1, Location: hi!, Lot: , EV Charging Available, EV Charging Available,Parking Spot ID: -1, Location: , Lot: , Covered Parking, Handicap Accessible, Covered Parking
1,hi!,
1,hi!,
0,,Parking Spot ID: 1, Location: hi!, Lot: , Covered Parking
-1,,
1,hi!,
-1,,
-1,,
1,hi!,
1,hi!,
-1,,
-1,,
-1,,
32,Parking Spot ID: -1, Location: , Lot: ,
-1,,
1,hi!,
-1,,
-1,,
-1,,
-1,,
-1,,
1,hi!,
-1,,
-1,,
-1,,
-1,,
-1,,
0,,Parking Spot ID: 1, Location: hi!, Lot: , Covered Parking
0,Parking Spot ID: -1, Location: , Lot: , Covered Parking, EV Charging Available, Covered Parking,Parking Spot ID: 1, Location: hi!, Lot: , Covered Parking, EV Charging Available
1,hi!,
-1,,
1,hi!,
1,hi!,
1,hi!,
1,hi!,
-1,,
1,hi!,
-1,Parking Spot ID: -1, Location: , Lot: ,
1,hi!,
-1,,
-1,,
1,hi!,
32,Parking Spot ID: -1, Location: , Lot: ,
100,Parking Spot ID: -1, Location: , Lot: , Covered Parking, Handicap Accessible, Handicap Accessible, Handicap Accessible, Covered Parking,Parking Spot ID: -1, Location: , Lot: , Covered Parking, EV Charging Available, Covered Parking, Handicap Accessible
1,hi!,
1,hi!,
-1,,
-1,,
-1,,
-1,,
1,hi!,
1,hi!,
-1,,
-1,,
-1,,
1,hi!,
-1,,
1,hi!,
1,hi!,
1,hi!,hi!
-1,Parking Spot ID: -1, Location: , Lot: ,
1,hi!,
-1,,
1,hi!,
-1,,
-1,,
-1,,
1,hi!,
0,,Parking Spot ID: 1, Location: hi!, Lot: , Covered Parking
1,hi!,
1,hi!,
1,hi!,
1,hi!,
-1,,
-1,,
-1,,
0,,Parking Spot ID: 1, Location: hi!, Lot: , Covered Parking
-1,,
-1,Parking Spot ID: -1, Location: , Lot: ,
1,hi!,
1,hi!,
1,hi!,
-1,,
-1,,
1,hi!,
-1,,
1,hi!,
1,hi!,
1,hi!,hi!
1,hi!,
1,hi!,
-1,,
-1,Parking Spot ID: -1, Location: , Lot: ,
1,hi!,
1,hi!,
1,hi!,
-1,,
1,hi!,
1,hi!,
-1,,
1,hi!,
-1,,
1,hi!,hi!
1,hi!,
1,hi!,
-1,,
-1,,
-1,Parking Spot ID: 1, Location: hi!, Lot: , EV Charging Available, Handicap Accessible,Parking Spot ID: 1, Location: hi!, Lot: 
1,hi!,
1,hi!,
-1,,
1,hi!,
1,hi!,
1,hi!,
-1,,
-1,,
-1,,
1,hi!,
-1,,
-1,,
1,hi!,
1,hi!,
0,Parking Spot ID: -1, Location: , Lot: , Handicap Accessible,Parking Spot ID: 1, Location: hi!, Lot: , EV Charging Available, Handicap Accessible
1,hi!,hi!
1,hi!,
-1,,
1,hi!,
1,hi!,
-1,,
-1,,
1,hi!,
